CVEDEscription,Characterization
beaker librari python affect deseri untrust data lead arbitrari code execut ,Code Execution
issu discov adn corrupt pointer nameserv speak wrong number pointer derefer bug exploit remot code execut ,Code Execution
flaw cloud form manag engin version cloud form manag version trigger remot code execut nf schedul backup attack log manag consol us flaw execut arbitrari shell command cloud form server root ,Code Execution
brand modul viki vera allow authent user chang logo websit attack us upload malici aspx file gain remot code execut site ,Code Execution
reportexpress pro plu contain vulner allow arbitrari code execut insert vb script configur file rxp ,Code Execution
wai veloc templat us atlassian jira server data center prior version allow remot attack gain remot code execut abl exploit server inject vulner ,Code Execution
issu discov mattermost packag droplet allow internet access servic remot code execut problem ,Code Execution
dll search order hijack vulner mc afe agent ma prior allow attack local access execut arbitrari code execut compromis folder ,Code Execution
ae cmac ae cmac cc possibl bound write integ overflow lead remot code execut bluetooth server addit execut privileg need user interact need exploit product android version android android android android android id ,Code Execution
multipl function drm plugin cpp possibl us free race condit lead local code execut execut privileg requir user interact need exploit product android version android android id ,Code Execution
audio stream decod audio group cpp possibl bound read miss bound check lead remot inform disclosur phone process addit execut privileg need user interact need exploit product android version android android id ,Code Execution
pars chunk mpeg extractor cpp possibl bound write incomplet initi data lead remot code execut addit execut privileg need user interact need exploit product android version android android id ,Code Execution
element attr rsp btif rc cc possibl bound write miss bound check lead remot code execut bluetoothtbd us isnt typic android platform addit execut privileg need user interact need exploit product android version android android id ,Code Execution
impeg fmt conv yuv yuv sp uv impeg format conv possibl bound write miss bound check lead remot code execut addit execut privileg need user interact need exploit product android version android android id ,Code Execution
ideint weav blk ideint util possibl bound write heap buffer overflow lead remot code execut addit execut privileg need user interact need exploit product android version android android id ,Code Execution
ihevcd pars slice header ihevcd pars slice header possibl bound write integ overflow lead remot code execut addit execut privileg need user interact need exploit product android version android android id ,Code Execution
daala bit reader constructor entropi decod cc possibl bound read miss bound check lead remot inform disclosur media server addit execut privileg need user interact need exploit product android version android android id ,Code Execution
hevcd fmt conv sp sp av ihevcd fmt conv sp sp possibl bound write heap buffer overflow lead remot code execut addit execut privileg need user interact need exploit product android version android android id ,Code Execution
rw presenc check rw cc possibl bound write miss bound check lead remot code execut addit execut privileg need user interact need exploit product android version android android id ,Code Execution
sdd isk sy driver win magic secur doc earlier allow local user read write physic disc sector secur doc devic handl exploit vulner result privileg code execut ,Code Execution
sdd isk sy driver win magic secur doc earlier allow local user write arbitrari kernel memori address ioctl dispatch lack pointer valid exploit vulner result privileg code execut ,Code Execution
treck tcp ip stack allow remot code execut relat ip tunnel ,Code Execution
treck tcp ip stack allow remot code execut singl invalid dn respons ,Code Execution
plc open xml file pars phoenix contact pc worx pc worx express version earlier lead stack base overflow manipul pc worx project lead remot code execut insuffici input data valid ,Code Execution
mwe file pars phoenix contact pc worx pc worx express version earlier vulner bound read remot code execut manipul pc worx project lead remot code execut insuffici input data valid ,Code Execution
reflect cross site script vulner allow execut arbitrari javascript code site editor git lab ce ee later ,Code Execution
store cross site script vulner allow execut arbitrari javascript code blob api previou git lab ce ee version ,Code Execution
client code execut gitlab vscode extens allow attack execut code user ,Code Execution
php exec escapeshellarg locutu php allow attack achiev code execut ,Code Execution
morgan stanlei hobb arrai implement lack bound check allow exploit bound oob read write vulner lead local remot code rpc execut ,Code Execution
lansweep instal admin password configur admin account unless built admin manual uncheck allow command execut add schedul deploy featur ,Code Execution
xiaomi router rom version connect servic inject web result stack overflow remot code execut ,Code Execution
xiaomi router rom version connect servic suffer inject vulner web lead stack overflow remot code execut ,Code Execution
drai tek vigor vigor vigor firmwar affect remot code inject execut vulner ,Code Execution
issu discov savestruct intern freedroid rpg rc save game file compos lua script recov game state file modifi lua code insid lead arbitrari code execut load ,Code Execution
buffer overflow load default function misc id tech aka doom engin allow arbitrari code execut unsaf usag fscanf doe limit number charact read format argument ,Code Execution
sopho xg firewal mr allow buffer overflow remot code execut http bookmark featur clientless access hotfix hf publish firewal run ,Code Execution
issu discov wavlink wl wn hg hg devic multipl buffer overflow vulner exist cgi script lead remot code execut root privileg set affect script similar cve ,Code Execution
kata contain doesnt restrict contain access guest root filesystem devic malici contain exploit gain code execut guest masquerad kata agent issu affect kata contain version earlier kata contain version earlier kata contain earlier version ,Code Execution
malici guest compromis contain creation malici guest imag guest run multipl contain trick kata runtim mount untrust contain filesystem host path potenti allow code execut host issu affect kata contain version earlier kata contain version earlier kata contain earlier version ,Code Execution
jenkin elast box jenkin kubernet ci cd plugin earlier doe configur yaml parser prevent instanti arbitrari type result remot code execut vulner ,Code Execution
php mussel version unseri vulner php phar wrapper upload special craft file affect version allow arbitrari code execut discov test confirm risk factor regard high newer php mussel version dont us php phar wrapper unaffect fix version ,Code Execution
mversion command inject vulner issu lead remot code execut client librari call vulner method untrust input vulner patch version previou releas deprec npm workaround make sure escap git commit messag commit messag option updat function ,Code Execution
configur enabl type jackson contain deseri vulner lead arbitrari code execut jackson fix vulner blacklist known deseri gadget spring batch configur jackson global type enabl mean previou exploit arbitrari code execut follow true spring batch jackson support leverag serial job execut context malici user gain write access data store us job repositori data deseri store order protect type attack jackson prevent set untrust gadget class deseri spring batch proactiv block unknown deseri gadget enabl type ,Code Execution
big ip version traffic manag user tmui refer configur util remot code execut rce vulner undisclos page ,Code Execution
nvidia window gpu displai driver version contain vulner servic host compon applic resourc integr check miss attack lead code execut denial servic inform disclosur ,Code Execution
exploit code execut vulner exist ani file format parser leadtool special craft ani file caus buffer overflow result remot code execut attack provid malici file trigger vulner ,Code Execution
exploit code execut vulner exist web base manag wbm function wago pfc special craft seri http request caus code execut result remot code execut attack make authent http request trigger vulner ,Code Execution
dll search order hijack vulner instal compon mc afe host intrus prevent host ip window prior patch updat allow attack local access execut arbitrari code execut compromis folder ,Code Execution
cwe improp neutral special element us sql command sql inject vulner exist eco struxur termin expert servic pack prior known vijeo xd caus malici code execut open project file ,Code Execution
cwe improp limit pathnam restrict directori path travers vulner exist eco struxur termin expert servic pack prior known vijeo xd caus malici code execut open project file ,Code Execution
mosc vulner arbitrari code execut user input provid properti argument execut eval function result code execut ,Code Execution
node extend vulner arbitrari code execut user input provid argument extend function aarg locat lib extend js execut eval function result code execut ,Code Execution
access polici vulner arbitrari code execut user input provid function execut eval function result code execut ,Code Execution
cd messeng vulner arbitrari code execut user input provid color argument execut eval function result code execut ,Code Execution
vulner jpeg imag pars modul da view indi da va da offic softwar allow unauthent remot attack caus arbitrari code execut affect devic vulner stack overflow read attack exploit vulner send craft pdf file affect devic ,Code Execution
nexacro ext common api librari version contain vulner allow remot attack execut arbitrari code set argument vulner api leverag code execut reboot victim pc ,Code Execution
nexacro ext common api librari version contain vulner allow remot attack execut arbitrari code modifi valu registri path leverag code execut reboot victim pc ,Code Execution
vulner exist allow execut unauthor code oper command system run exacq vision web servic version prior exacq vision enterpris manag version prior attack administr privileg potenti download run malici execut allow os command inject ,Code Execution
adob bridg version earlier version bound write vulner success exploit lead arbitrari code execut ,Code Execution
adob bridg version earlier version stack base buffer overflow vulner success exploit lead arbitrari code execut ,Code Execution
adob bridg version earlier version bound write vulner success exploit lead arbitrari code execut ,Code Execution
adob bridg version earlier version bound write vulner success exploit lead arbitrari code execut ,Code Execution
adob bridg version earlier version bound write vulner success exploit lead arbitrari code execut ,Code Execution
adob bridg version earlier version bound write vulner success exploit lead arbitrari code execut ,Code Execution
adob bridg version earlier version heap overflow vulner success exploit lead arbitrari code execut ,Code Execution
adob bridg version earlier version heap overflow vulner success exploit lead arbitrari code execut ,Code Execution
adob bridg version earlier version bound write vulner success exploit lead arbitrari code execut ,Code Execution
adob bridg version earlier version bound write vulner success exploit lead arbitrari code execut ,Code Execution
adob bridg version earlier version us free vulner success exploit lead arbitrari code execut ,Code Execution
adob bridg version earlier version us free vulner success exploit lead arbitrari code execut ,Code Execution
adob bridg version earlier version memori corrupt vulner success exploit lead arbitrari code execut ,Code Execution
adob bridg version earlier version bound write vulner success exploit lead arbitrari code execut ,Code Execution
adob illustr version earlier memori corrupt vulner success exploit lead arbitrari code execut ,Code Execution
adob illustr version earlier memori corrupt vulner success exploit lead arbitrari code execut ,Code Execution
adob illustr version earlier memori corrupt vulner success exploit lead arbitrari code execut ,Code Execution
adob illustr version earlier memori corrupt vulner success exploit lead arbitrari code execut ,Code Execution
adob illustr version earlier memori corrupt vulner success exploit lead arbitrari code execut ,Code Execution
adob illustr version earlier memori corrupt vulner success exploit lead arbitrari code execut ,Code Execution
magento version earlier earlier note earlier earlier command inject vulner success exploit lead arbitrari code execut ,Code Execution
magento version earlier earlier note earlier earlier command inject vulner success exploit lead arbitrari code execut ,Code Execution
magento version earlier earlier note earlier earlier secur mitig bypass vulner success exploit lead arbitrari code execut ,Code Execution
magento version earlier earlier note earlier earlier secur mitig bypass vulner success exploit lead arbitrari code execut ,Code Execution
magento version earlier earlier note earlier earlier command inject vulner success exploit lead arbitrari code execut ,Code Execution
magento version earlier earlier note earlier earlier command inject vulner success exploit lead arbitrari code execut ,Code Execution
magento version earlier earlier note earlier earlier defens depth secur mitig vulner success exploit lead arbitrari code execut ,Code Execution
adob charact anim version earlier buffer overflow vulner success exploit lead arbitrari code execut ,Code Execution
adob dng softwar develop kit sdk earlier version heap overflow vulner success exploit lead arbitrari code execut ,Code Execution
adob dng softwar develop kit sdk earlier version heap overflow vulner success exploit lead arbitrari code execut ,Code Execution
adob acrobat reader version earlier earlier earlier earlier bound write vulner success exploit lead arbitrari code execut ,Code Execution
adob acrobat reader version earlier earlier earlier earlier bound write vulner success exploit lead arbitrari code execut ,Code Execution
adob acrobat reader version earlier earlier earlier earlier buffer error vulner success exploit lead arbitrari code execut ,Code Execution
adob acrobat reader version earlier earlier earlier earlier buffer error vulner success exploit lead arbitrari code execut ,Code Execution
adob acrobat reader version earlier earlier earlier earlier us free vulner success exploit lead arbitrari code execut ,Code Execution
adob acrobat reader version earlier earlier earlier earlier us free vulner success exploit lead arbitrari code execut ,Code Execution
adob acrobat reader version earlier earlier earlier earlier heap overflow vulner success exploit lead arbitrari code execut ,Code Execution
adob dng softwar develop kit sdk earlier version heap overflow vulner success exploit lead arbitrari code execut ,Code Execution
adob dng softwar develop kit sdk earlier version heap overflow vulner success exploit lead arbitrari code execut ,Code Execution
magento version earlier earlier note earlier earlier secur mitig bypass vulner success exploit lead arbitrari code execut ,Code Execution
magento version earlier earlier note earlier earlier secur mitig bypass vulner success exploit lead arbitrari code execut ,Code Execution
adob flash player version earlier earlier earlier us free vulner success exploit lead arbitrari code execut ,Code Execution
adob framemak version memori corrupt vulner success exploit lead arbitrari code execut ,Code Execution
adob effect version earlier heap overflow vulner success exploit lead arbitrari code execut ,Code Execution
adob effect version earlier heap overflow vulner success exploit lead arbitrari code execut ,Code Execution
adob illustr version earlier memori corrupt vulner success exploit lead arbitrari code execut ,Code Execution
adob illustr version earlier memori corrupt vulner success exploit lead arbitrari code execut ,Code Execution
adob illustr version earlier memori corrupt vulner success exploit lead arbitrari code execut ,Code Execution
adob illustr version earlier buffer error vulner success exploit lead arbitrari code execut ,Code Execution
adob premier pro version earlier bound read vulner success exploit lead arbitrari code execut ,Code Execution
adob premier pro version earlier bound write vulner success exploit lead arbitrari code execut ,Code Execution
adob premier pro version earlier bound write vulner success exploit lead arbitrari code execut ,Code Execution
adob premier rush version earlier bound read vulner success exploit lead arbitrari code execut ,Code Execution
adob premier rush version earlier bound write vulner success exploit lead arbitrari code execut ,Code Execution
adob premier rush version earlier bound write vulner success exploit lead arbitrari code execut ,Code Execution
adob audit version earlier bound write vulner success exploit lead arbitrari code execut ,Code Execution
adob audit version earlier bound write vulner success exploit lead arbitrari code execut ,Code Execution
adob effect version earlier bound write vulner success exploit lead arbitrari code execut ,Code Execution
adob effect version earlier bound read vulner success exploit lead arbitrari code execut ,Code Execution
adob effect version earlier bound write vulner success exploit lead arbitrari code execut ,Code Execution
encrypt kei vulner mitel sip dect wireless devic allow attack launch man middl attack success exploit allow attack intercept sensit inform ,Man-in-the-Middle
dell emc enterpris copi data manag cdm version contain certif valid vulner unauthent remot attack potenti exploit vulner carri man middl attack suppli craft certif intercept victim traffic view modifi victim data transit ,Man-in-the-Middle
kubevirt virt cdi import version inclus report disabl tl certif valid import data pvc contain registri enabl man middl attack contain registri virt cdi compon lead possibl undetect tamper trust contain imag content ,Man-in-the-Middle
vulner keycloak authent support verif client certif crl crl list obtain url provid certif cdp separ configur path crl avail network unsecur protocol http ldap caller verifi signatur possibl certif path keycloak current doesnt valid signatur crl result possibl variou attack like man middl ,Man-in-the-Middle
mikro tik winbox vulner man middl attack man middl downgrad client authent protocol recov user usernam md hash password ,Man-in-the-Middle
ibm sterl integr standard edit allow highli sensit inform transmit plain text attack obtain inform man middl techniqu ibm forc id ,Man-in-the-Middle
ibm secur access manag doe valid incorrectli valid certif allow attack spoof trust entiti man middl mitm attack ibm forc id ,Man-in-the-Middle
ibm qr adar patch allow remot attack obtain sensit inform caus failur properli enabl http strict transport secur attack exploit vulner obtain sensit inform man middl techniqu ibm forc id ,Man-in-the-Middle
ibm secur secret server doe set secur attribut author token session cooki allow attack obtain sensit inform man middl techniqu ibm forc id ,Man-in-the-Middle
ibm qr adar patch doe valid incorrectli valid certif allow attack spoof trust entiti man middl mitm attack ibm forc id ,Man-in-the-Middle
exploit inform leak vulner exist ustream ssl librari open wrt version connect remot server server ssl certif check action taken certif invalid attack exploit behavior perform man middl attack provid certif lead theft data sent client request ssl connect initi ustream ssl init data client http request written stream ustream printf code eventu enter function ustream ssl poll us dispatch read write event ,Man-in-the-Middle
exploit inform leak vulner exist ustream ssl librari open wrt version connect remot server server ssl certif check action taken certif invalid attack exploit behavior perform man middl attack provid certif lead theft data sent client request ,Man-in-the-Middle
man middl mitm vulner huawei smartphon version el al pro version vog al user establish connect transfer data huawei share attack sniff spoof seri oper intrud huawei share connect launch man middl attack obtain tamper data vulner id hwpsirt ,Man-in-the-Middle
cluster data ontap version higher enforc hostnam verif certain circumst make suscept imperson man middl attack ,Man-in-the-Middle
splunk sdk python doe properli verifi untrust tl server certif result man middl attack ,Man-in-the-Middle
android app tootdon mastodon version earlier doe verifi certif ssl server allow man middl attack spoof server obtain sensit inform craft certif ,Man-in-the-Middle
improp download file verif vulner vaio updat earlier allow remot attack conduct man middl attack malic wireless lan access point success exploit result malici file download execut ,Man-in-the-Middle
ntv new prior ver doe verifi certif ssl server allow man middl attack spoof server obtain sensit inform craft certif ,Man-in-the-Middle
open ssh accept displai arbitrari stderr output server malici server man middl attack manipul client output exampl us ansi control code hide addit file transfer ,Man-in-the-Middle
big ip server configur client ssl profil vulner chosen ciphertext attack cbc cipher exploit result plaintext recoveri encrypt messag man middl mitm attack despit attack have gain access server kei cve known zombi poodl goldendoodl ,Man-in-the-Middle
issu discov rcp net kit rcp oper server choos file directori sent client rcp client perform cursori valid return malici rsh server man middl attack overwrit arbitrari file directori rcp client machin similar cve ,Man-in-the-Middle
gup gener updat process lighti soft log mx doe properli verifi authent updat allow man middl attack execut arbitrari code trojan hors updat updat process reli cleartext http attack replac log mxu pdater file ,Man-in-the-Middle
amazon os allow man middl attack http request term us privaci page ,Man-in-the-Middle
tl certif valid flaw elast apm agent rubi version specifi trust server ca certif server ca cert set rubi agent properli verifi certif return apm server result man middl style attack rubi agent ,Man-in-the-Middle
pagur leak api kei mail user mail server valid tl certif easi man middl attack read mail gain access pagur behalf user issu api token expir remind cron job file api kei expir mail py disabl job viabl solut mail substr api kei attempt reject solut ,Man-in-the-Middle
issu discov bosch smart camera app android improperli implement tl certif check malici actor potenti succe execut man middl attack connect bosch smart home app affect os app affect ,Man-in-the-Middle
gemalto admin control center version prior us cleartext http commun www safenet com obtain languag pack allow attack man middl mitm attack replac origin languag pack malici ,Man-in-the-Middle
help featur es file explor file manag applic android allow session hijack man middl attack local network http us attack web site displai web view inform url ,Man-in-the-Middle
jamf self servic allow man middl attack obtain root shell leverag publish bash shell script featur insert applic util termin app content mac os termin tcp data stream ,Man-in-the-Middle
servic suscept man middl attack improperli us crypto lead remot inform disclosur addit execut privileg need user interact need exploit product android version android android id ,Man-in-the-Middle
android system firefox load librari apitrac lib writabl user applic allow malici parti applic execut man middl attack malici code written locat load note issu affect android oper system unaffect vulner affect firefox ,Man-in-the-Middle
upgrad insecur request uir specif state uir enabl content secur polici csp navig origin url upgrad http firefox incorrectli navig http url perform secur upgrad request csp circumst allow potenti man middl attack link resourc vulner affect firefox ,Man-in-the-Middle
add updat network intern relat function wifi config manag java possibl man middl attack improp certif valid lead remot inform disclosur addit execut privileg need user interact need exploit product android version android android id ,Man-in-the-Middle
updat hub modul disabl dtl peer check allow man middl attack mitig firmwar imag requir valid signatur benefit dtl peer check ncc zep issu affect zephyrproject rto zephyr version later version ,Man-in-the-Middle
vulner version containernetwork plugin version allow malici contain kubernet cluster perform man middl mit attack malici contain exploit flaw send rogu ip router advertis host contain redirect traffic malici contain ,Man-in-the-Middle
lix allow man middl attack execut arbitrari code modifi http client server data stream locat header associ attack control execut content post download field ,Man-in-the-Middle
moonlight os tv os pair process vulner man middl attack bug fix moonlight os tv os ,Man-in-the-Middle
issu discov puls secur puls connect secur pc applet tncc jar execut mac os linux solari client host checker polici enforc allow man middl attack perform os command inject attack client shell metacharact custom remedi instruct method runtim runtim exec us ,Man-in-the-Middle
mid reborn hero design download updat manifest updat file cleartext http addition applic doe perform file integr valid file download attack perform man middl attack connect replac execut file malici version oper execut context user run hero design ,Man-in-the-Middle
sigma spectrum infus vs model bax baxter spectrum infus version model bax applic layer us unauthent clear text commun channel send receiv statu oper data allow attack circumv network secur measur view sensit non data perform man middl attack ,Man-in-the-Middle
open connect mishandl neg valu check function call assist attack perform man middl attack ,Man-in-the-Middle
issu discov cipher mail commun gatewai applianc profession enterpris gatewai applianc version cipher mail webmail messeng applianc diffi hellman paramet insuffici allow man middl compromis commun cipher mail product extern smtp client ,Man-in-the-Middle
em imap us librari eventmachin insecur wai allow attack perform man middl attack user librari hostnam tl server certif verifi ,Man-in-the-Middle
em http request us librari eventmachin insecur wai allow attack perform man middl attack user librari hostnam tl server certif verifi ,Man-in-the-Middle
pu tty observ discrep lead inform leak algorithm negoti allow man middl attack target initi connect attempt host kei server cach client ,Man-in-the-Middle
mutt allow imap fcc postpon man middl attack preauth respons ,Man-in-the-Middle
client open ssh observ discrep lead inform leak algorithm negoti allow man middl attack target initi connect attempt host kei server cach client ,Man-in-the-Middle
email client jira server data center version allow remot attack access outgo email jira instanc smtp server man middl mitm vulner ,Man-in-the-Middle
mutt neo mutt starttl buffer issu affect imap smtp pop server send begin tl respons client read addit data man middl attack evalu tl context aka respons inject ,Man-in-the-Middle
msa smtp cpp trojita ignor certif verif error allow man middl attack spoof smtp server ,Man-in-the-Middle
flaw openshift ansibl open shift contain platform ocp permiss wai specifi cor allow origin instal attack abl man middl connect user browser openshift consol us flaw perform phish attack threat vulner data confidenti ,Man-in-the-Middle
flaw keycloak version doe perform tl hostnam verif send email smtp server flaw allow attack perform man middl mitm attack ,Man-in-the-Middle
apach cxf abil integr jmx regist instrument manag extens cxf bu creat mb erver connector factori properti instrument manag impl disabl vulner man middl mitm style attack attack host connect registri rebind entri server act proxi origin abl gain access inform sent receiv jmx ,Man-in-the-Middle
vulner apach flink run process enabl jmxr eport port configur metric report report port attack local access machin jmx port execut man middl attack special craft request rebind jmxrmi registri attack control compromis connect establish process jmx allow extract credenti transfer data ,Man-in-the-Middle
pre logon featur enabl miss certif valid palo alto network global protect app disclos pre logon authent cooki man middl attack local area network segment abil manipul arp conduct arp spoof attack allow attack access global protect server allow configur secur rule pre login user access limit compar network access regular user issu affect global protect app version earlier global protect app prelogon featur enabl global protect app version earlier global protect app prelogon featur enabl ,Man-in-the-Middle
jenkin mac plugin earlier doe valid ssh host kei connect agent creat plugin enabl man middl attack ,Man-in-the-Middle
jenkin amazon ec plugin earlier doe valid ssh host kei connect agent enabl man middl attack ,Man-in-the-Middle
jenkin amazon ec plugin earlier uncondition accept self certif doe perform hostnam valid enabl man middl attack ,Man-in-the-Middle
vulner ssl implement cisco intellig proxim solut allow unauthent remot attack view alter inform share cisco webex video devic cisco collabor endpoint product meet condit describ vulner product section vulner lack valid ssl server certif receiv establish connect cisco webex video devic cisco collabor endpoint attack exploit vulner man middl mitm techniqu intercept traffic affect client endpoint forg certif imperson endpoint depend configur endpoint exploit allow attack view present content share modifi content present victim access control vulner doe affect cloud regist collabor endpoint ,Man-in-the-Middle
ibm secur secret server allow remot attack obtain sensit inform caus failur properli enabl http strict transport secur attack exploit vulner obtain sensit inform man middl techniqu ibm forc id ,Man-in-the-Middle
dell emc unispher power max version prior dell emc unispher power max applianc version prior power max os releas contain improp certif valid vulner unauthent remot attack potenti exploit vulner carri man middl attack suppli craft certif intercept victim traffic view modifi victim data transit ,Man-in-the-Middle
netprint app os earlier doe verifi certif server allow man middl attack spoof server obtain sensit inform craft certif ,Man-in-the-Middle
kantan netprint app os earlier doe verifi certif server allow man middl attack spoof server obtain sensit inform craft certif ,Man-in-the-Middle
kantan netprint app android earlier doe verifi certif server allow man middl attack spoof server obtain sensit inform craft certif ,Man-in-the-Middle
android app pallet android bank applic base pallet verifi certif server properli valid certif host mismatch allow man middl attack spoof server obtain sensit inform craft certif ,Man-in-the-Middle
awm mobil app android os doe verifi certif server allow man middl attack spoof server obtain sensit inform craft certif ,Man-in-the-Middle
mikro tik win box vulner path travers vulner allow creation arbitrari file wherever win box write permiss win box vulner attack connect malici endpoint attack mount man middl attack ,Man-in-the-Middle
version prior nginx control configur commun postgr databas server unencrypt channel make commun data vulner intercept man middl mi tm attack ,Man-in-the-Middle
parallel us cleartext http updat process allow man middl attack user date version present pop window parallel updat xml file http updat parallel com web site ,Man-in-the-Middle
issu discov open wrt lede bug fork opkg manag prevent correct pars embed checksum repositori index allow man middl attack inject arbitrari payload instal verif ,Man-in-the-Middle
miss verif tl host nextcloud mail allow man middl attack ,Man-in-the-Middle
gurux gxdlm director prior download updat add in obi code unencrypt http connect man middl attack prompt user download updat modifi content gurux fi obi file xml gurux fi updat updat xml attack modifi content download file add in user lead code execut obi code user need commun energi meter lead code execut combin cve ,Man-in-the-Middle
issu discov zoho manag engin asset explor upgrad window agent doe valid sourc binari download allow attack adjac network execut code nt author privileg agent machin provid arbitrari execut man middl attack ,Man-in-the-Middle
buffer overflow vulner khcrypt implement googl earth pro version includ allow attack perform man middl attack special craft kei read data past end buffer us hold mitig updat googl earth pro ,Man-in-the-Middle
avast anti track avg antitrack proxi traffic http site doe valid certif man middl host malici websit self certif special action necessari victim anti track allow filter http traffic track detect enabl configur ,Man-in-the-Middle
voatz applic android data transmit singl voter vote depend differ length metadata avail vote choic make easier remot attack discov voter choic snif network exampl small snif data indic vote cast candid metadata activ man middl attack leverag behavior disrupt voter abil vote candid oppos attack ,Man-in-the-Middle
huawei huawei pro toni al smartphon version earlier version earlier version earlier improp authent vulner ident messag sender properli verifi attack exploit vulner man middl attack induc user access malici url ,Man-in-the-Middle
phoenix contact tc router tc router tc router vzw tc router att tc cloud client tc cloud client txtx devic contain hardcod certif kei us web base servic devic imperson man middl passiv decrypt attack possibl gener certif replac devic specif certif instal ,Man-in-the-Middle
improp valid certif host mismatch apach log smtp append allow smtp connect intercept man middl attack leak log messag sent append ,Man-in-the-Middle
issu discov mk auth authent bypass web login function guessabl credenti admin executar login php result admin access ,Authentication Bypass
issu discov mk auth web login function allow attack bypass authent gain client privileg sql inject central executar login php ,Authentication Bypass
apach shiro apach shiro spring dynam control special craft request caus authent bypass ,Authentication Bypass
multipl sql inject vulner sourcecodest pisai onlin learn allow remot unauthent attack bypass authent achiev remot code execut rce user email user pass id paramet admin login portal edit lesson webpag ,Authentication Bypass
caddi mishandl tl client authent demonstr authent bypass caus lack strict host match mode ,Authentication Bypass
sokkia gnr vanguard web version build cb cefc cd hardwar version allow remot attack bypass admin authent sql inject attack us user password field login page ,Authentication Bypass
ibm spectrum protect client linux window trough aix ibm spectrum protect space manag linux aix web user interfac allow attack bypass authent improp session valid result access unauthor resourc ibm forc id ,Authentication Bypass
dell client consum commerci platform includ improp author vulner dell manag unauthor actor local access os administr privileg bypass bio administr authent restor bio setup configur valu ,Authentication Bypass
standalon client connect sap net weaver java protocol version sap jeecor servercor core tool perform authent check oper requir user ident lead authent bypass ,Authentication Bypass
sap commerc version sap commerc data hub version allow attack bypass authent author configur administr us hardcod credenti ,Authentication Bypass
royal ts listen make easier attack bypass tunnel authent brute forc approach ,Authentication Bypass
flaw qemu implement pointer authent pa uth support arm introduc version fix version gener failur signatur gener process caus pa uth enforc pointer signatur local attack obtain signatur pointer abus flaw bypass pa uth protect program run qemu ,Authentication Bypass
issu discov foxit mail advertis septemb allow authent bypass inform disclosur relat interspir email market ,Authentication Bypass
gnu tl us incorrect cryptographi encrypt session ticket loss confidenti tl authent bypass tl earliest affect version error commit kei rotat tl server us wrong data place encrypt kei deriv applic ,Authentication Bypass
vulner cisco io xe sd wan softwar allow unauthent physic attack bypass authent gain unrestrict access root shell affect devic vulner exist affect softwar insuffici authent mechan certain command attack exploit vulner stop boot initi affect devic success exploit allow attack bypass authent gain unrestrict access root shell affect devic ,Authentication Bypass
clear pass polici manag web affect vulner lead authent bypass success bypass attack execut exploit allow remot command execut underli oper resolut fix hf hf higher ,Authentication Bypass
vulner trend micro inter scan web secur applianc allow remot attack bypass authent affect instal trend micro inter scan web secur applianc ,Authentication Bypass
exploit authent bypass vulner exist espon web control function epson eb ui eswwv wwv special craft seri http request caus authent bypass result inform disclosur attack send http request trigger vulner ,Authentication Bypass
slurm rare messag aggreg enabl allow authent bypass altern path channel race condit allow user launch process arbitrari user ,Authentication Bypass
huawei smartphon version earlier improp authent vulner vulner user want certain oper softwar insuffici valid user ident attack need physic access smartphon exploit vulner success exploit allow attack bypass limit student mode function ,Authentication Bypass
verita aptar version prior includ code bypass normal login process specif authent credenti provid server ,Authentication Bypass
authent bypass vulner panorama context switch featur allow attack network access panorama manag gain privileg access manag firewal attack requir knowledg manag firewal exploit issu issu doe affect panorama configur custom certif authent commun panorama manag devic issu affect pan os version earlier pan os version earlier pan os version earlier version pan os ,Authentication Bypass
authent bypass spoof vulner exist authent daemon user id compon palo alto network pan os fail verifi integr kerbero kei distribut center kdc authent user affect form authent us kerbero authent profil man middl type attack abil intercept commun pan os kdc login pan os administr issu affect pan os version earlier pan os version earlier pan os version earlier version pan os ,Authentication Bypass
improp author vulner pan os mistakenli us permiss local linux user instead intend saml permiss account usernam share purpos sso authent result authent bypass unintend resourc access user issu affect pan os version earlier pan os version earlier pan os version earlier pan os version earlier version pan os ,Authentication Bypass
exim bound read spa authent result spa ntlm authent bypass auth spa auth auth spa ,Authentication Bypass
zoho manag engin data secur plu prior us admin credenti commun data engin xnode server allow attack bypass authent server execut oper context admin user ,Authentication Bypass
vulner allow network adjac attack escal privileg affect instal tp link tl wa firmwar ver rev ver rel wi fi extend authent requir exploit vulner exist authent mechan bypass specif flaw exist time setup process issu result lack proper valid time setup request attack leverag vulner reset password admin account execut code context devic zdi ,Authentication Bypass
oa uth proxi open redirect vulner user provid redirect address proxi send authent user end authent flow expect origin url user try access redirect url check proxi valid redirect user prevent malici actor provid redirect potenti harm site craft redirect url html encod whitespac charact valid bypass allow redirect url provid patch ,Authentication Bypass
ibm data risk manag allow remot attack bypass secur restrict configur saml authent send special craft http request attack exploit vulner bypass authent process gain administr access ibm forc id ,Authentication Bypass
vulner kerbero authent featur cisco adapt secur applianc asa softwar allow unauthent remot attack imperson kerbero kei distribut center kdc bypass authent affect devic configur perform kerbero authent vpn local devic access vulner insuffici ident verif kdc success authent respons receiv attack exploit vulner spoof kdc server respons asa devic malici respons authent kdc success attack allow attack bypass kerbero authent ,Authentication Bypass
calibr web allow authent bypass zr y xhh jm lwx rt hardcod secret kei ,Authentication Bypass
authent bypass altern path channel simpli safe ss firmwar allow local unauthent attack pair rogu keypad arm ,Authentication Bypass
fay npm rubi gem version greater potenti authent bypass extens vulner allow client bypass check place server extens append extra segment messag channel patch version ,Authentication Bypass
onlin cours registr multipl sql inject lead complet databas compromis authent bypass login page admin chang password php admin check avail php admin index php chang password php check avail php includ header php index php pincod verif php ,Authentication Bypass
certain netgear devic affect authent bypass affect jnr jwnr wnr wnr wnr ,Authentication Bypass
certain netgear devic affect authent bypass affect jg pe jg ev jg pe gs ev gs pe gs ev gs pe gs ev gss gss xs ev xs ,Authentication Bypass
open dmarc us pypolicyd spf allow attack bypass spf dmarc authent situat helo field inconsist mail field ,Authentication Bypass
certain netgear devic affect authent bypass affect ,Authentication Bypass
min io version releas authent bypass issu min io admin api given admin access kei possibl perform admin api oper creat servic account exist access kei know admin secret kei fix releas version releas ,Authentication Bypass
certain netgear devic affect authent bypass affect wac wac ,Authentication Bypass
certain netgear devic affect authent bypass affect lg dst ,Authentication Bypass
certain netgear devic affect authent bypass affect plw plw ,Authentication Bypass
certain netgear devic affect authent bypass affect lg dst wndr wnr lv ,Authentication Bypass
certain netgear devic affect authent bypass affect wac wac ,Authentication Bypass
netgear wac devic affect authent bypass ,Authentication Bypass
certain netgear devic affect authent bypass affect gs emx xs em xs em ,Authentication Bypass
netgear xr devic affect authent bypass ,Authentication Bypass
certain netgear devic affect authent bypass affect jnr jwnr wndr wndr wndr wnr wnr wnr wnr ,Authentication Bypass
certain netgear devic affect authent bypass affect ex ex ex ex dst wnr ,Authentication Bypass
issu discov link dsl eu devic authent bypass access cgi modul allow perform administr task modifi admin password authent ,Authentication Bypass
certain netgear devic affect authent bypass affect lg dst ,Authentication Bypass
certain netgear devic affect csrf authent bypass affect dst wndr ,Authentication Bypass
issu discov lg mobil devic android os north america cdma softwar lte protocol implement allow bypass aka authent kei agreement lg id lve smp februari ,Authentication Bypass
netgear devic affect authent bypass ,Authentication Bypass
certain netgear devic affect authent bypass affect wnr wnr ,Authentication Bypass
multipl vulner rest api cisco uc director cisco uc director express big data allow remot attack bypass authent conduct directori travers attack affect devic inform vulner detail section advisori ,Authentication Bypass
multipl vulner rest api cisco uc director cisco uc director express big data allow remot attack bypass authent conduct directori travers attack affect devic inform vulner detail section advisori ,Authentication Bypass
multipl vulner rest api cisco uc director cisco uc director express big data allow remot attack bypass authent conduct directori travers attack affect devic inform vulner detail section advisori ,Authentication Bypass
multipl vulner rest api cisco uc director cisco uc director express big data allow remot attack bypass authent conduct directori travers attack affect devic inform vulner detail section advisori ,Authentication Bypass
multipl vulner rest api cisco uc director cisco uc director express big data allow remot attack bypass authent conduct directori travers attack affect devic inform vulner detail section advisori ,Authentication Bypass
multipl vulner rest api cisco uc director cisco uc director express big data allow remot attack bypass authent conduct directori travers attack affect devic inform vulner detail section advisori ,Authentication Bypass
multipl vulner rest api cisco uc director cisco uc director express big data allow remot attack bypass authent conduct directori travers attack affect devic inform vulner detail section advisori ,Authentication Bypass
multipl vulner rest api cisco uc director cisco uc director express big data allow remot attack bypass authent conduct directori travers attack affect devic inform vulner detail section advisori ,Authentication Bypass
multipl vulner rest api cisco uc director cisco uc director express big data allow remot attack bypass authent conduct directori travers attack affect devic inform vulner detail section advisori ,Authentication Bypass
certain netgear devic affect authent bypass affect jr pr ,Authentication Bypass
certain netgear devic affect authent bypass affect pr jr ,Authentication Bypass
netgear rax devic affect authent bypass ,Authentication Bypass
authent bypass vulner exist microsoft phone companion applic android wai applic process notif gener work profil allow unauthent attack view notif aka microsoft phone applic android authent bypass vulner ,Authentication Bypass
authent bypass vulner mfe upgrad tool mc afe endpoint secur en window prior april updat allow administr user access polici set run tool ,Authentication Bypass
certain condit vmdir ship vm ware center server embed extern platform servic control psc doe correctli implement access control ,Authentication Bypass
junip network ex qfx seri authent bypass vulner allow user connect consol port login root password issu occur certain scenario reboot perform devic factori reset command request zeroiz temporari moment reboot softwar upgrad devic configur chassi mode issu affect junip network juno os ex qfx seri version prior version prior version prior version prior version prior version prior version prior version prior version prior version prior version prior issu doe affect junip network juno os ,Authentication Bypass
issu discov samsung mobil devic softwar secur folder app startup logic allow authent bypass samsung id sve decemb ,Authentication Bypass
project world offici car rental vulner multipl sql inject issu demonstr email paramet account php unam pass paramet login php id paramet book car php allow attack dump sql databas bypass login authent prompt ,Authentication Bypass
logic infinia idc devic web allow authent bypass cmd htm cmd authent depend client side interpret kei mykei kei substr ,Authentication Bypass
visam vbase editor version vbase web remot modul allow unauthent attack discov cryptograph kei web server gain inform login encrypt decrypt mechan exploit bypass authent html hmi web ,Authentication Bypass
ldap authent enabl apach druid caller druid api valid set ldap credenti bypass credenti valid user search filter barrier determin valid ldap user allow authent druid subject role base author check configur caller druid api retriev ldap attribut valu user exist ldap server inform visibl druid server inform disclosur doe requir caller valid ldap user ,Authentication Bypass
tp link cloud camera allow remot attack bypass authent obtain sensit inform vector involv wi fi session gp enabl aka cnvd ,Authentication Bypass
huawei smartphon oxford version earlier improp authent vulner applic doesnt perform proper authent user perform certain oper attack trick user instal malici plug exploit vulner success exploit allow attack bypass authent perform unauthor oper ,Authentication Bypass
hard code cryptograph kei vulner configur file kiali version prior remot attack abus flaw creat jwt token bypass kiali authent mechan possibl gain privileg view alter istio configur ,Authentication Bypass
vulner allow remot attack bypass authent affect instal tp link archer firmwar ver ac router authent requir exploit vulner specif flaw exist handl ssh port forward request initi setup issu result lack proper authent prior establish ssh port forward rule attack leverag vulner escal privileg resourc normal wan zdi ,Authentication Bypass
vulner allow firewal bypass affect instal tp link archer firmwar ver ac router authent requir exploit vulner specif flaw exist handl ip connect issu result lack proper filter ip ssh connect attack leverag conjunct vulner execut code context root zdi ,Authentication Bypass
apach shiro apach shiro spring dynam control special craft request caus authent bypass ,Authentication Bypass
authent bypass vulner present standalon sit vision compon tribal sit configur relat unencrypt commun sent client time launch occur unifac tl driver enabl vulner allow attack gain access credenti execut arbitrari sql queri sit backend access client execut intercept traffic user doe ,Authentication Bypass
notifi web server nw version earlier honeywel web server authent bypass captur replai attack web browser ,Authentication Bypass
vulner allow network adjac attack bypass authent affect instal link dir dir dir router firmwar authent requir exploit vulner specif flaw exist handl hnap login request issu result lack proper handl password attack leverag vulner execut arbitrari code router zdi ,Authentication Bypass
vulner allow network adjac attack bypass authent affect instal link dir dir dir router firmwar authent requir exploit vulner specif flaw exist handl hnap login request issu result lack proper implement authent algorithm attack leverag vulner escal privileg execut code context router zdi ,Authentication Bypass
netgear gs tp devic remot attack have network connect web administr panel access web panel bypass authent ,Authentication Bypass
auth svc caldera allow authent bypass rest api request forg localhost http host header ,Authentication Bypass
web applic expos canon oc colorwav printer vulner authent bypass page home jsp unauthent attack abl connect devic web copi document upload user note fix latest version ,Authentication Bypass
canon oc colorwav printer web applic miss form csrf protect wide issu attack perform administr action target log administr user note fix latest version ,Authentication Bypass
web applic expos canon oc colorwav printer vulner reflect xss paramet set id set dialog content jsp page note fix latest version ,Authentication Bypass
ibm data power gatewai allow authent user bypass secur restrict access server authent certif revolk ibm forc id ,Authentication Bypass
trend micro worri free busi secur affect directori travers vulner allow attack manipul kei file bypass authent ,Authentication Bypass
trend micro apex offic scan xg server contain vulner ex file allow remot attack write arbitrari data arbitrari path affect instal bypass root login authent requir exploit vulner ,Authentication Bypass
panel allow web dav authent bypass connect share logic incorrect sec ,Authentication Bypass
panel allow authent bypass mispars format password file sec ,Authentication Bypass
panel allow authent bypass webmail usernam process inconsist sec ,Authentication Bypass
unraid allow authent bypass ,Authentication Bypass
unraid allow remot code execut ,Authentication Bypass
rockwel autom micro logix control seri prior seri version micro logix control version rsl ogix softwar prior remot unauthent attack send request rsl ogix softwar victim micro logix control control respond client us password valu authent user client method authent allow attack bypass authent altogeth disclos sensit inform leak credenti ,Authentication Bypass
administr rubygem version sort attribut dashboard direct paramet valid interpol sql queri present sql inject attack abl modifi direct paramet bypass activ record sql protect whilst doe high impact exploit need access administr dashboard expect authent patch wersion ,Authentication Bypass
issu discov git lab commun enterpris edit later git lab snippet vulner author issu allow unauthor user add comment snippet allow authent bypass ,Authentication Bypass
issu discov git lab commun enterpris edit user bypass mandatori extern authent provid sign restrict send special craft request improp author ,Authentication Bypass
open block io vx prior ver ver seri allow attack network segment bypass authent initi devic unspecifi vector ,Authentication Bypass
easi io easi io devic incorrect access control relat webus js ,Authentication Bypass
issu discov netgear wnr devic web manag setup cgi authent bypass problem ultim allow attack remot compromis devic malici webpag attack send fw remot htm todo cfg init request cooki read set cooki header unauthor respons repeat fw remot htm todo cfg init request specifi cooki ,Authentication Bypass
issu discov jaba xp ress onlin shop contain arbitrari file upload vulner pictur upload featur product edit aspx authent attack bypass frontend filenam valid upload arbitrari file file upload aspx cs file upload aspx paramet file contain arbitrari aspx code execut access jec product imag number filenam access file upload doe requir authent ,Authentication Bypass
issu discov ey network eonweb eonweb web prone sql inject allow unauthent attack perform variou task authent bypass user id field cooki ,Authentication Bypass
vulner implement border gatewai protocol bgp messag digest md authent cisco nx os softwar allow unauthent remot attack bypass md authent establish bgp connect devic vulner occur bgp md authent bypass peer doe md authent configur nx os devic doe bgp md authent configur nx os bgp rout forward vrf configur greater charact attack exploit vulner attempt establish bgp session nx os peer success exploit allow attack establish bgp session nx os devic md authent cisco implement bgp protocol accept incom bgp traffic explicitli configur peer exploit vulner attack send malici packet tcp connect appear come trust bgp peer attack obtain inform bgp peer affect rsquo trust network ,Authentication Bypass
exploit authent bypass vulner exist hostnam process moxa awk firmwar version special configur devic hostnam caus devic interpret select remot traffic local traffic result bypass web authent attack send authent snmp request trigger vulner ,Authentication Bypass
us free payment googl chrome mac os prior allow remot attack potenti perform sandbox escap craft html page ,Context Escape
insuffici polici enforc develop tool googl chrome prior allow attack convinc user instal malici extens potenti perform sandbox escap craft chrome extens ,Context Escape
us free web authent googl chrome prior allow remot attack compromis render process potenti perform sandbox escap craft html page ,Context Escape
firefox content process did suffici lockdown access control result sandbox escap note issu affect firefox window oper system vulner affect firefox esr firefox ,Context Escape
firefox content process did suffici lockdown access control result sandbox escap note issu affect firefox window oper system vulner affect firefox esr firefox ,Context Escape
insuffici polici enforc develop tool googl chrome prior allow attack convinc user instal malici extens potenti perform sandbox escap craft chrome extens ,Context Escape
insuffici polici enforc develop tool googl chrome prior allow attack convinc user instal malici extens potenti perform sandbox escap craft chrome extens ,Context Escape
us free media googl chrome prior allow remot attack compromis render process potenti perform sandbox escap craft html page ,Context Escape
us free reader mode googl chrome android prior allow remot attack compromis render process potenti perform sandbox escap craft html page ,Context Escape
us free task schedul googl chrome prior allow remot attack compromis render process potenti perform sandbox escap craft html page ,Context Escape
us free storag googl chrome prior allow remot attack compromis render process potenti perform sandbox escap craft html page ,Context Escape
us free speech recogn googl chrome prior allow remot attack potenti perform sandbox escap craft html page ,Context Escape
beaker allow sandbox escap enabl access code execut occur electron context isol us attack conduct prototyp pollut attack electron intern messag api ,Context Escape
secur featur bypass vulner exist window fail properli handl token relationship attack successfulli exploit vulner allow applic certain integr level execut code differ integr level lead sandbox escap updat address vulner correct window handl token relationship aka window token secur featur bypass vulner ,Context Escape
issu discov pro vide ftp erver doesnt enforc permiss window symlink junction result low privileg user non admin craft junction link directori control break sandbox ,Context Escape
store client inject csti angular discov solar wind orion platform hf applic form attack inject angular express escap angular sandbox achiev store xss lead privileg escal ,Context Escape
reflect client inject csti angular discov solar wind orion platform hf form attack inject angular express escap angular sandbox achiev store xss ,Context Escape
avast premium secur attack send special craft request local web server run avast antiviru port support bank mode function flaw process command allow execut arbitrari os command privileg current log user allow exampl attack compromis browser extens escap browser sandbox ,Context Escape
given compromis sandbox content process separ vulner possibl escap sandbox load account firefox com process forc log malici firefox sync account prefer set disabl sandbox local machin compromis browser restart sandbox crash trigger vulner affect firefox esr firefox esr firefox ,Context Escape
us free media googl chrome prior allow remot attack potenti perform sandbox escap craft html page ,Context Escape
us free offlin mode googl chrome prior allow remot attack compromis render process potenti perform sandbox escap craft html page ,Context Escape
safer eval vulner arbitrari code execut payload constructor properti escap sandbox execut arbitrari code ,Context Escape
safer eval vulner arbitrari code execut payload constructor properti escap sandbox execut arbitrari code ,Context Escape
issu discov total js cm authent user widget privileg gain achiev remot command execut rce remot server creat malici widget special tag contain java script code evalu server process evalu tag end possibl escap sandbox follow payload script total global process modul requir child process exec rce script ,Context Escape
elev privileg vulner exist repars point creat sandbox process allow sandbox escap aka window ntf elev privileg vulner ,Context Escape
comodo antiviru comodo firewal comodo internet secur premium comodo contain featur vulner sandbox escap ,Context Escape
race condit present crash gener server us gener data crash report issu lead us free process result potenti exploit crash sandbox escap note vulner affect window oper system unaffect vulner affect thunderbird firefox firefox esr ,Context Escape
win pwn entri research demonstr sandbox escap instal malici languag pack open browser featur us compromis translat vulner affect firefox esr firefox thunderbird ,Context Escape
improp sanit dynam user express odoo commun earlier odoo enterpris earlier allow authent privileg user escap dynam express sandbox execut arbitrari code host ,Context Escape
elev privileg vulner exist microsoft edg allow attack escap app contain sandbox browser aka microsoft edg elev privileg vulner ,Context Escape
vulner python script subsystem cisco nx os softwar allow authent local attack escap python parser issu arbitrari command elev attack privileg level vulner insuffici sanit user suppli paramet pass certain python function script sandbox affect devic attack exploit vulner escap script sandbox execut arbitrari command elev attack privileg level exploit vulner attack local access authent target devic administr python execut privileg requir limit possibl success exploit ,Context Escape
issu discov gnome gnome desktop prior prior compromis thumbnail escap bubblewrap sandbox us confin thumbnail tiocsti ioctl push charact input buffer thumbnail control termin allow attack escap sandbox thumbnail control termin improp filter tiocsti ioctl bit system similar cve ,Context Escape
issu discov gnome nautilu prior prior compromis thumbnail escap bubblewrap sandbox us confin thumbnail tiocsti ioctl push charact input buffer thumbnail control termin allow attack escap sandbox thumbnail control termin improp filter tiocsti ioctl bit system similar cve ,Context Escape
client electron art ea origin window allow inject titl paramet origin uri handler us escap underli angular js sandbox achiev remot code execut origin game launch url qt applic qd esktop servic commun ,Context Escape
pallet jinja str format allow sandbox escap ,Context Escape
pallet jinja str format map allow sandbox escap ,Context Escape
incorrect lifetim handl html select element googl chrome android mac prior allow remot attack potenti perform sandbox escap craft html page ,Context Escape
earlier fix inter process commun ipc vulner cve ad authent commun ipc endpoint server parent ipc process creation authent insuffici channel creat ipc process start lead authent correctli appli later channel allow sandbox escap ipc channel lack messag valid listen process vulner affect thunderbird firefox esr firefox ,Context Escape
earli free us index db googl chrome prior allow remot attack compromis render process potenti perform sandbox escap craft html page ,Context Escape
heap buffer overflow gpu googl chrome prior allow remot attack compromis render process potenti perform sandbox escap craft html page ,Context Escape
miss valid mojo googl chrome prior allow remot attack potenti perform sandbox escap craft html page ,Context Escape
id control compromis render allow frame overwrit page state frame process navig googl chrome chrome os prior allow remot attack compromis render process potenti perform sandbox escap craft html page ,Context Escape
elev privileg vulner exist microsoft xml document allow attack escap app contain sandbox browser aka microsoft xml document elev privileg vulner affect window server window rt window server window server window server window window window server ,Context Escape
sandbox escap issu discov vy os provid restrict manag shell user administ devic issu variou shell special charact certain command authent user manag shell gain access underli linux shell user run arbitrari oper command privileg afford account ,Context Escape
implement page download behavior backend uncondition mark download file safe regardless file type googl chrome prior allow attack convinc user instal malici extens potenti perform sandbox escap craft html page user interact ,Context Escape
incorrect handl googlechrom url scheme os intent googl chrome prior allow remot attack escap ifram sandbox craft html page ,Context Escape
incorrect refcount app cach googl chrome prior allow remot attack perform sandbox escap craft html page ,Context Escape
disput sandboxi allow sandbox escap os statement follow os cmd os powershel py file note vendor disput issu observ behavior consist product intend function ,Context Escape
project send ftp allow authent bypass direct request user php home php edit file php file id process zip download php add user form paramet user add php ,Authentication Bypass
disput total secur allow sandbox escap os statement follow os cmd os power shell py file note vendor posit categor vulner secur relat issu ,Context Escape
compromis ipc child process escap content sandbox list name arbitrari file file user consent interact result exposur local file vulner affect thunderbird thunderbird firefox esr firefox esr firefox ,Context Escape
elev privileg vulner exist microsoft edg allow attack escap app contain sandbox browser aka microsoft edg elev privileg vulner affect microsoft edg cve id uniqu cve ,Context Escape
elev privileg vulner exist window allow sandbox escap aka window elev privileg vulner affect window window server window rt window server window server window window server window server window window server ,Context Escape
elev privileg vulner exist microsoft edg allow attack escap app contain sandbox browser aka microsoft edg elev privileg vulner affect microsoft edg cve id uniqu cve ,Context Escape
elev privileg vulner exist microsoft browser allow sandbox escap aka microsoft browser elev privileg vulner affect internet explor microsoft edg ,Context Escape
crestron tsw version prior mc version prior password special sudo account calcul inform access regular user privileg attack deciph password allow execut hidden api call escap ctp consol sandbox environ elev privileg ,Context Escape
elev privileg vulner exist window fail check allow sandbox escap aka window elev privileg vulner affect window window server window rt window server window server window window server window cve id uniqu cve ,Context Escape
lack paramet valid ipc messag result potenti bound write malform ipc messag potenti allow sandbox escap memori corrupt parent process vulner affect thunderbird firefox esr firefox ,Context Escape
screenshot imag displai activ stream page displai tab open creat meta tag websit issu discov page attempt creat imag file url local file load block sandbox expos local data combin attack escap sandbox protect vulner affect firefox ,Context Escape
intern feed reader api cross sandbox barrier allow sandbox escap escal privileg combin vulner result remot code execut insid sandbox process vulner affect firefox esr firefox ,Code Execution
bound write clear kei decryptor decrypt clearkei encrypt media content clear kei decryptor code run gecko media plugin gmp sandbox second mechan escap sandbox vulner allow write arbitrari data memori result potenti exploit crash vulner affect firefox esr firefox esr firefox ,Context Escape
web extens bypass secur check load privileg url potenti escap web extens sandbox vulner affect firefox ,Context Escape
issu discov adob acrobat reader earlier version earlier version earlier version vulner secur bypass vulner lead sandbox escap specif vulner exist wai cross handl ,Context Escape
vulner cisco nx os softwar run cisco md multilay director switch cisco nexu seri switch cisco nexu seri switch allow authent local attack access bash shell affect devic oper bash shell disabl vulner insuffici sanit user suppli paramet pass certain function python script sandbox affect attack exploit vulner escap script sandbox enter bash shell oper privileg authent user affect exploit vulner attack local access affect authent affect administr python execut privileg cisco bug id csc vd ,Context Escape
vulner tcl script subsystem cisco nx os softwar allow authent local attack escap interact tcl shell gain unauthor access underli oper devic vulner exist insuffici input valid user suppli file pass interact tcl shell affect devic attack exploit vulner escap script sandbox execut arbitrari command underli oper privileg authent user exploit vulner attack local access authent target devic administr tclsh execut privileg vulner affect follow product run cisco nx os softwar multilay director switch nexu seri fabric extend nexu seri switch nexu platform switch nexu seri switch nexu platform switch nexu platform switch nexu seri switch nexu seri switch nexu seri switch nexu seri switch standalon nx os mode nexu seri line card fabric modul unifi comput manag cisco bug id csc ve csc ve csc ve csc vg ,Context Escape
pebbl smartwatch devic mishandl uuid storag allow attack read arbitrari applic flash storag access arbitrari applic java script instanc modifi uuid valu header craft applic binari ,Context Escape
inappropri us jit optimis googl chrome prior linux window mac allow remot attack execut arbitrari code insid sandbox craft html page relat escap analysi phase ,Code Execution
insuffici valid untrust input ppapi plugin googl chrome prior window allow remot attack potenti perform sandbox escap craft html page ,Context Escape
us free blink googl chrome prior mac window linux android allow remot attack perform bound memori read craft html page aka index db sandbox escap ,Context Escape
microsoft edg microsoft window window server allow attack escap app contain sandbox aka microsoft edg elev privileg vulner cve id uniqu cve ,Context Escape
sandbox escap lua wube factorio allow remot game server user assist attack execut arbitrari code includ load librari ,Context Escape
cellebrit uf physic devic reli kei materi hardcod execut code support decrypt process encrypt file kei envelop techniqu recov kei materi devic run version softwar doe appear chang build possibl reconstruct decrypt process hardcod kei materi obtain easi access data ,Trust Failure
wireless commun featur abu secvest fube devic doe encrypt sensit data pin code id us proxim chip kei rfid token make easier attack disarm wireless alarm ,Trust Failure
issu discov stashcat app mac os window android os possibl platform store client kei devic id kei end end encrypt cleartext enabl attack copi have access local storag databas file login unlimit access data userss context ,Trust Failure
us hard code cryptograph kei encrypt password data cli configur forti manag allow attack access cli configur cli backup file decrypt sensit data knowledg hard code kei ,Trust Failure
ibm spectrum protect plu contain hard code credenti password cryptograph kei us inbound authent outbound commun extern compon encrypt intern data ibm forc id ,Trust Failure
geo vision door access control devic famili emploi share cryptograph kei ssh http attack conduct mitm attack deriv kei plaintext recov encrypt messag ,Trust Failure
us hard code cryptograph kei encrypt secur sensit data local storag configur forti client window prior allow attack access local storag configur backup file decrypt sensit data knowledg hard code kei ,Trust Failure
gnu tl us incorrect cryptographi encrypt session ticket loss confidenti tl authent bypass tl earliest affect version error commit kei rotat tl server us wrong data place encrypt kei deriv applic ,Trust Failure
ibm secur guardium contain hard code credenti password cryptograph kei us inbound authent outbound commun extern compon encrypt intern data ibm forc id ,Trust Failure
ibm secur guardium contain hard code credenti password cryptograph kei us inbound authent outbound commun extern compon encrypt intern data ibm forc id ,Trust Failure
jenzabar jic aka internet campu solut patch patch patch session cooki determinist function usernam hard code password suppli pbkdf feed ae encrypt usernam base encod client cooki persist session authent know kei algorithm attack select usernam encrypt base encod save browser correct jicsl ogin cooki cooki format imperson real user jic databas need authent verifi mfa implement ,Trust Failure
glpi version vulner involv encrypt kei glpikei us instanc mean decrypt sensit data store kei possibl chang kei instal glpi exist instanc data reencrypt kei problem know column row databas espcial plugin chang kei updat data lend bad password sent glpi store ui work ,Trust Failure
product support assign oracl planet web server incorrect access control admingui version uri administr consol demonstr unauthent read access encrypt kei note relat support polici www oracl com refer attach cve ,Trust Failure
certain tp link devic hardcod encrypt kei affect nc build build nc build nc build nc build nc build nc build ,Trust Failure
ibm qr adar patch contain hard code credenti password cryptograph kei us inbound authent outbound commun extern compon encrypt intern data ibm forc id ,Trust Failure
visam vbase editor version vbase web remot modul allow unauthent attack discov cryptograph kei web server gain inform login encrypt decrypt mechan exploit bypass authent html hmi web ,Trust Failure
zoom client meet us ecb mode ae video audio encrypt meet particip us singl bit kei ,Trust Failure
ibm spectrum protect plu contain hard code credenti password cryptograph kei us inbound authent outbound commun extern compon encrypt intern data ibm forc id ,Trust Failure
vulner allow network adjac attack execut arbitrari code affect instal tp link archer firmwar ver ac router authent requir exploit vulner specif flaw exist tdp server servic listen udp port issu result us hard code encrypt kei attack leverag conjunct vulner execut code context root zdi ,Trust Failure
issu discov nextrix astpp web astpp applic config config php doe strong random kei demonstr us ysd bt dhab eq kx pa y tz dttz kei fdd ew encrypt kei ,Trust Failure
issu detect onap portal dublin execut pad oracl attack onapport process singl sign user id field attack abl decrypt arbitrari inform encrypt symmetr kei user id portal setup affect ,Trust Failure
hard code encrypt kei vulner exist authent function wago cockpit version attack access commun cockpit sy gatewai trivial recov password user attempt log plain text ,Trust Failure
implement pkc kei transport mechan xmle ncryption jb oss ws apach wss suscept bleichenbach attack ,Trust Failure
western digit san disk devic vulner wear level algorithm drive caus cryptograph sensit paramet data encrypt kei remain drive media intend erasur ,Trust Failure
ibm secur inform queue isiq contain hard code credenti password cryptograph kei us inbound authent outbound commun extern compon encrypt intern data ibm forc id ,Trust Failure
inform disclosur vulner report lenovo xc lariti administr lxca version prior allow unauthent access configur file contain usernam licens kei ip address encrypt password hash ,Trust Failure
bluetooth low energi secur manag protocol smp implement telink semiconductor ble sdk version novemb tlsr tlsr tlsr devic instal zero term kei ltk order link layer encrypt request receiv secur connect pair attack radio rang arbitrari read write access gatt servic data caus devic crash possibl control devic function establish encrypt session zero ltk ,Trust Failure
gpg ctx add recipi function camel camel gpg context gnome evolut earlier evolut data server earlier doe properli select gpg kei us email encrypt caus email encrypt wrong kei allow remot attack obtain sensit inform ,Trust Failure
ibm secur ident manag contain hard code credenti password cryptograph kei us inbound authent outbound commun extern compon encrypt intern data ibm forc id ,Trust Failure
verax nm prior us encrypt kei hardcod jar archiv ,Trust Failure
jenkin earlier lt earlier improperli reus encrypt kei paramet inbound tcp agent protocol allow unauthor attack knowledg agent name obtain connect secret agent us connect jenkin imperson agent ,Trust Failure
improp permiss valu check cli consol allow non privileg user obtain fortinet forti os plaint text kei system builtin local certif unset kei encrypt password forti os user upload local certif set password forti os ,Trust Failure
carbon ftp us insecur proprietari password encrypt hard code weak encrypt kei kei local ftp server password hard code binari ,Trust Failure
jenkin redgat sql chang autom plugin earlier store api kei unencrypt job config xml file jenkin master view user extend read permiss access master file ,Trust Failure
intellig platform manag ipmi firmwar supermicro gener motherboard smt firmwar supermicro gener motherboard smt contain harcod encrypt kei lighttpd web server ssl dropbear ssh daemon ,Trust Failure
barco click share button devic incorrect credenti manag click share button encrypt rest us time programm otp ae encrypt kei kei share click share button model ,Trust Failure
barco click share huddl cs devic cse devic incorrect credenti manag click share base unit encrypt rest encrypt kei share click share base unit model cs cse ,Trust Failure
barco click share button devic allow inform exposur encrypt click share button firmwar contain kei test devic certif ,Trust Failure
python keystonecli version middlewar memcach encrypt bypass ,Trust Failure
unencrypt unauthent data commun wireless barcod scanner inateck bcst prone keystrok inject attack attack abl send arbitrari keystrok victim instal malwar target unattend wai attack remot control victim oper affect receiv devic ,Trust Failure
issu discov espressif esp mask rom code lack anti glitch mitig stage bootload esp chip allow attack physic access devic read content read fuse flash encrypt secur boot kei inject glitch power suppli chip shortli reset ,Trust Failure
issu discov zyxel gs devic firmwar aahh firmwar hash encrypt password hardcod cryptograph kei sal util str encrypt libsal paramet salt iv kei data us encrypt decrypt password ae cbc mode paramet known previous encrypt password decrypt includ password configur backup embed firmwar ,Trust Failure
issu discov zyxel gs devic firmwar aahh firmwar imag contain encrypt password us authent user wish access diagnost password recoveri menu hardcod cryptograph kei firmwar password decrypt relat fd sy pass debug passwd ret fd sy pass recoveri passwd ret libfd ,Trust Failure
password base encrypt pbe algorithm brocad san nav version weak gener cryptograph kei allow attack decrypt password us servic radiu taca ,Trust Failure
gpg handl user passphras decrypt cleartext insecur write pre encrypt cleartext user passphras disk result compromis secur commun user kei ,Trust Failure
issu discov mitsubishi electr rtu devic inea rtu devic hard code ssh kei allow attack gain unauthoris access disclos encrypt data rtu kei regener initi instal firmwar updat word devic us kei valu ssh ssh host rsa kei ssh ssh host ecdsa kei ssh ssh host dsa kei file publicli avail vendor web site ,Trust Failure
issu discov fujitsu wireless keyboard set lx gk devic lack proper encrypt gh commun attack abl eavesdrop sensit data password ,Trust Failure
issu discov fujitsu wireless keyboard set lx gk devic lack proper encrypt gh commun prone keystrok inject attack ,Trust Failure
issu discov fujitsu wireless keyboard set lx gk devic lack proper encrypt gh commun password base authent vulner replai attack ,Trust Failure
situat attack receiv autom notif success failur decrypt attempt attack send larg number messag decrypt recov cm pkc transport encrypt kei decrypt rsa encrypt messag encrypt rsa kei bleichenbach pad oracl attack applic affect us certif rsa kei cm decrypt pkc decrypt function select correct recipi info decrypt fix open ssl affect fix open ssl affect fix open ssl affect ,Trust Failure
bitcoin core bitcoin qt store wallet dat data unencrypt memori crash dump core file user mishandl core file attack reconstruct user wallet dat file includ kei grep command ,Trust Failure
equ elf smart plug mobil app us hardcod ae bit kei encrypt command respons devic app commun happen udp port attack local network us kei encrypt send command discov smart plug network control devic perform action turn ,Trust Failure
mirasi vm mishandl mirasi common util secur data crypt method common dll audit trail servic sm erver ex method trigger insecur deseri net garbag collector gadget contain serial execut privileg attack properli encrypt hardcod kei avail ,Trust Failure
metasi ad adx server nae nie nce engin prior make us hardcod rc kei certain encrypt oper involv site manag portal smp ,Trust Failure
metasi ad adx server nae nie nce engin prior make us share rsa kei pair certain encrypt oper involv site manag portal smp ,Trust Failure
bluetooth br edr specif includ version permit suffici low encrypt kei length doe prevent attack influenc kei length negoti allow practic brute forc attack aka knob decrypt traffic inject arbitrari ciphertext victim notic ,Trust Failure
secur privaci encrypt featur mailpil rc doe exclud disabl revok expir kei ,Trust Failure
edimax wi fi extend devic allow goform formwlencryptvxd csrf result psk kei disclosur ,Trust Failure
issu discov hid global digit persona crossmatch fingerprint reader window biometr framework driver static code initi vector encrypt user fingerprint imag result weak encrypt combin retriev encrypt fingerprint imag encrypt kei vulner allow attack obtain user fingerprint imag ,Trust Failure
mailvelop prior allow kei oper user interact client api modifi url paramet mailvelop attack abl sign encrypt arbitrari messag mailvelop assum kei password cach second vulner allow attack decrypt arbitrari messag gnu pg backend us mailvelop ,Trust Failure
big ip certain circumst attack decrypt configur item encrypt cmp configur unit kei gener insuffici random attack prerequisit direct access encrypt configur uc file ,Trust Failure
dnn aka dot net nuke incorrectli convert encrypt kei sourc valu result lower expect entropi ,Trust Failure
calamar version copi luk encrypt keyfil crypto keyfil bin mode own root boot global readabl initramf imag insecur permiss allow origin file read user disclos decrypt kei luk contain creat disk encrypt ,Trust Failure
logitech unifi devic allow keystrok inject bypass encrypt attack press magic kei combin snif cryptograph data radio frequenc transmiss note issu exist incomplet fix cve ,Trust Failure
logitech unifi devic allow keystrok inject bypass encrypt aka mous jack ,Trust Failure
secur encrypt virtual sev advanc micro devic amd platform secur processor psp aka amd secur processor amd sp build earlier insecur cryptograph implement ,Trust Failure
issu discov digit persona fingerprint reader kei salt us obfusc fingerprint imag exhibit cleartext fingerprint scanner devic transfer fingerprint imag driver attack sniff encrypt fingerprint imag easili decrypt imag kei salt ,Trust Failure
libreswan project vulner process ik inform exchang packet encrypt integr establish ik sa encrypt integr kei receiv integr check valu verifi issu affect version ,Trust Failure
unencrypt unauthent data commun wireless present logitech laser present remot prone keystrok inject attack attack abl send arbitrari keystrok victim instal malwar target unattend wai attack remot control victim oper affect receiv devic ,Trust Failure
unencrypt unauthent data commun wireless present inateck wp prone keystrok inject attack attack abl send arbitrari keystrok victim instal malwar target unattend wai attack remot control victim oper affect receiv devic ,Trust Failure
unencrypt unauthent data commun wireless present inateck wp prone keystrok inject attack attack abl send arbitrari keystrok victim instal malwar target unattend wai attack remot control victim oper affect receiv devic ,Trust Failure
cloudera navig kei truste km incorrect acl valu allow remot access purg undelet api call encrypt zone kei navig kei truste km includ api call addit apach hadoop km purg undelet km acl valu command keytruste km acl purg keytruste km acl undelet respect valu acl kei truste km allow knowledg encrypt zone kei network access kei truste km make call known encrypt zone kei result recoveri previous delet purg kei undelet delet kei activ us purg result loss access encrypt hdf data ,Trust Failure
ibm info sphere inform server store common hard code encrypt kei us decrypt sensit inform ibm forc id ,Trust Failure
computrol cba hard code encrypt kei ,Trust Failure
bmc patrol agent us encrypt kei encrypt decrypt user credenti sent network manag patrol agent servic attack abl captur network traffic decrypt credenti us execut code escal privileg network ,Trust Failure
vulner identifi logo bm version project data store devic access port tcp decrypt hardcod encrypt kei secur vulner exploit unauthent attack network access port tcp user interact requir exploit secur vulner vulner impact confidenti devic time advisori public exploit secur vulner known ,Trust Failure
issu discov supplementari cryptographi librari aka golang googlecod crypto flaw amd implement golang org crypto salsa golang org crypto salsa salsa gi keystream gener counter grow greater bit amd implement gener incorrect output cycl previous gener keystream repeat keystream byte lead loss confidenti encrypt applic predict csprng applic ,Trust Failure
issu discov ascensia contour applic android static code encrypt kei extract encrypt kei necessari deciph commun applic backend server combin retriev user encrypt data ascensia cloud vulner allow attack obtain modifi patient medic inform ,Trust Failure
vulner trust platform modul tpm function softwar cisco nexu seri fabric switch applic centric infrastructur aci mode allow unauthent local attack physic access view sensit inform affect devic vulner lack proper data protect mechan disk encrypt kei us partit affect devic hard drive attack exploit vulner obtain physic access affect devic view certain cleartext kei success exploit allow attack execut custom boot process conduct attack affect devic ,Trust Failure
vulner cisco applic polici infrastructur control apic softwar allow unauthent local attack physic access obtain sensit inform affect devic vulner insecur remov cleartext encrypt kei store local partit hard drive affect devic attack exploit vulner retriev data physic disk affect partit success exploit allow attack retriev encrypt kei possibl allow attack decrypt data sensit inform devic lead disclosur confidenti inform ,Trust Failure
dasan rm devic firmwar us hard code kei log encrypt data store kei decrypt abl access kei ,Trust Failure
incorrect access control secur offic pkc provid ship utimaco crypto server hsm product allow authent slot retriev attribut kei mark kei extern kei storag kei mark kei extern kei storag compromis avail kei configur extern kei storag result econom attack attack deni legitim user access kei maintain possess encrypt copi blob extern kei store ransom attack dub revers ransomwar attack execut physic connect crypto server remot connect ssh remot access lan crypto server compromis confidenti integr affect kei remain untarnish ,Trust Failure
roundcub webmail attack possess mime pgp encrypt email wrap sub part craft multipart email encrypt hidden html css ascii newlin charact modifi multipart email sent attack intend receiv receiv repli benign look email unknowingli leak plaintext encrypt messag attack ,Trust Failure
jenkin hockei app plugin store credenti unencrypt job config xml file jenkin master view user extend read permiss access master file ,Trust Failure
vulner secur storag featur cisco io io xe softwar allow authent local attack access sensit inform affect devic vulner improp memori oper perform encrypt time affect softwar handl configur updat attack exploit vulner retriev content specif memori locat affect devic success exploit result disclosur kei materi devic configur us recov critic inform ,Trust Failure
issu discov portier vision password store revers encrypt hash valu us vigener algorithm badli outdat encrypt kei password store applic easili decrypt ,Trust Failure
