CVE Description,Characterization
Bad cast in CSS in Google Chrome prior to 11.0.0.0 allowed a remote attacker to potentially exploit heap corruption via a crafted HTML page.,Remote
A hard-coded encryption key vulnerability exists in the authentication functionality of WAGO eCockpit version 1.5.1.1. An attacker with access to communications between eCockpit and CoDeSyS Gateway can trivially recover the password of any user attempting to log in  in plain text.,Local
Insufficient policy enforcement in V8 in Google Chrome prior to 14.0.0.0 allowed a remote attacker to obtain potentially sensitive information from process memory via a crafted HTML page.,Remote
HP Systems Insight Manager before 7.0 allows a remote user on adjacent network to access information,Limited Rmt
Integer overflow in the Drive Execution Environment (DXE) phase in the Capsule Update feature in the UEFI implementation in EDK2 allows physically proximate attackers to bypass intended access restrictions via crafted data.,Physical
Logitech Unifying devices before 2016-02-26 allow keystroke injection  bypassing encryption  aka MouseJack.,Limited Rmt
Edimax Wi-Fi Extender devices allow goform/formwlencryptvxd CSRF with resultant PSK key disclosure.,Limited Rmt
An issue was discovered on Samsung mobile devices with M(6.0) software. In the Shade Locked state a physically proximate attacker can read notifications on the lock screen. The Samsung ID is SVE-2016-7132 (December 2016).,Physical
Certain NETGEAR devices are affected by authentication bypass. This affects D6200 before 1.1.00.24  R6700v2 before 1.1.0.42  R6800 before 1.1.0.42  and R6900v2 before 1.1.0.42.,Limited Rmt
NETGEAR WAC510 devices before 5.0.0.17 are affected by authentication bypass.,Limited Rmt
Certain NETGEAR devices are affected by authentication bypass. This affects WAC505 before 5.0.0.17 and WAC510 before 5.0.0.17.,Limited Rmt
NETGEAR XR500 devices before 2.3.2.32 are affected by authentication bypass.,Limited Rmt
Certain NETGEAR devices are affected by authentication bypass. This affects D6100 before V1.0.0.55  D7000 before V1.0.1.50  D7800 before V1.0.1.24  JNR1010v2 before 1.1.0.40  JWNR2010v5 before 1.1.0.40  R6100 before 1.0.1.12  R6220 before 1.1.0.50  R7500 before 1.0.0.108  R7500v2 before 1.0.3.10  WNDR4300v1 before 1.0.2.88  WNDR4300v2 before 1.0.0.48  WNDR4500v3 before 1.0.0.48  WNR1000v4 before 1.1.0.40  WNR2000v5 before 1.0.0.42  WNR2020 before 1.1.0.40  and WNR2050 before 1.1.0.40.,Local
Pebble Smartwatch devices through 4.3 mishandle UUID storage  which allows attackers to read an arbitrary applications flash storage  and access an arbitrary applications JavaScript instance  by modifying a UUID value within the header of a crafted application binary.,Local
A vulnerability in the TCL scripting subsystem of Cisco NX-OS System Software could allow an authenticated  local attacker to escape the interactive TCL shell and gain unauthorized access to the underlying operating system of the device. The vulnerability exists due to insufficient input validation of user-supplied files passed to the interactive TCL shell of the affected device. An attacker could exploit this vulnerability to escape the scripting sandbox and execute arbitrary commands on the underlying operating system with the privileges of the authenticated user. To exploit this vulnerability  an attacker must have local access and be authenticated to the targeted device with administrative or tclsh execution privileges. This vulnerability affects the following products running Cisco NX-OS System Software: Multilayer Director Switches  Nexus 2000 Series Fabric Extenders  Nexus 3000 Series Switches  Nexus 3500 Platform Switches  Nexus 5000 Series Switches  Nexus 5500 Platform Switches  Nexus 5600 Platform Switches  Nexus 6000 Series Switches  Nexus 7000 Series Switches  Nexus 7700 Series Switches  Nexus 9000 Series Switches in standalone NX-OS mode  Nexus 9500 R-Series Line Cards and Fabric Modules  Unified Computing System Manager. Cisco Bug IDs: CSCve93750  CSCve93762  CSCve93763  CSCvg04127.,Local
A vulnerability in Cisco NX-OS System Software running on Cisco MDS Multilayer Director Switches  Cisco Nexus 7000 Series Switches  and Cisco Nexus 7700 Series Switches could allow an authenticated  local attacker to access the Bash shell of an affected devices operating system  even if the Bash shell is disabled on the system. The vulnerability is due to insufficient sanitization of user-supplied parameters that are passed to certain functions of the Python scripting sandbox of the affected system. An attacker could exploit this vulnerability to escape the scripting sandbox and enter the Bash shell of the operating system with the privileges of the authenticated user for the affected system. To exploit this vulnerability  the attacker must have local access to the affected system and be authenticated to the affected system with administrative or Python execution privileges. Cisco Bug IDs: CSCvd86513.,Local
Comodo Antivirus through 12.0.0.6870  Comodo Firewall through 12.0.0.6870  and Comodo Internet Security Premium through 12.0.0.6870  with the Comodo Container feature  are vulnerable to Sandbox Escape.,Local
OpenBlocks IoT VX2 prior to Ver.4.0.0 (Ver.3 Series) allows an attacker on the same network segment to bypass authentication and to initialize the device via unspecified vectors.,Limited Rmt
An elevation of privilege vulnerability exists in the Microsoft XmlDocument class that could allow an attacker to escape from the AppContainer sandbox in the browser  aka Microsoft XmlDocument Elevation of Privilege Vulnerability. This affects Windows Server 2012 R2  Windows RT 8.1  Windows Server 2012  Windows Server 2019  Windows Server 2016  Windows 8.1  Windows 10  Windows 10 Servers.,Local
Improper authentication in firmware for Intel(R) SSD DC S4500 Series and Intel(R) SSD DC S4600 Series before SCV10150 may allow an unprivileged user to potentially enable escalation of privilege via physical access.,Physical
Yeelight Smart AI Speaker 3.3.10_0074 devices have improper access control over the UART interface allowing physical attackers to obtain a root shell. The attacker can then exfiltrate the audio data read cleartext Wi-Fi credentials in a log file or access other sensitive device and user information.,Physical
iBall Baton iB-WRB302N20122017 devices have improper access control over the UART interface allowing physical attackers to discover Wi-Fi credentials (plain text) and the web-console password (base64) via the debugging console.,Physical
Authentication bypass vulnerability in MfeUpgradeTool in McAfee Endpoint Security (ENS) for Windows prior to 10.7.0 April 2020 Update allows administrator users to access policy settings via running this tool.,Local
An issue was discovered on Samsung mobile devices with N(7.x) O(8.x) and P(9.0) software. There is Clipboard access in the lockscreen state via a physical keyboard. The Samsung ID is SVE-2018-12684 (October 2018).,Physical
An issue was discovered on Samsung mobile devices with N(7.x) software. A physically proximate attacker wielding a magnet can activate NFC to bypass the lockscreen. The Samsung ID is SVE-2017-10897 (March 2018).,Physical
Certain NETGEAR devices are affected by authentication bypass. This affects R6300v2 before 1.0.4.8  R6400 before 1.0.1.20  R6700 before 1.0.1.20  R6900 before 1.0.1.20  R7000 before 1.0.7.10  R7100LG before V1.0.0.32  R7300DST before 1.0.0.52  R7900 before 1.0.1.16  R8000 before 1.0.3.36  R8300 before 1.0.2.94  R8500 before 1.0.2.94  WNDR3400v3 before 1.0.1.12  and WNR3500Lv2 before 1.2.0.40.,Limited Rmt
Certain NETGEAR devices are affected by authentication bypass. This affects R6300v2 before 1.0.4.8  PLW1000v2 before 1.0.0.14  and PLW1010v2 before 1.0.0.14.,Limited Rmt
Certain NETGEAR devices are affected by authentication bypass. This affects D6220 before 1.0.0.28  D6400 before 1.0.0.60  D8500 before 1.0.3.29  R6250 before 1.0.4.8  R6400 before 1.0.1.22  R6400v2 before 1.0.2.32  R7100LG before 1.0.0.32  R7300DST before 1.0.0.52  R8300 before 1.0.2.94  and R8500 before 1.0.2.100.,Limited Rmt
Certain NETGEAR devices are affected by authentication bypass. This affects WAC505 before 5.0.0.17 and WAC510 before 5.0.0.17.,Limited Rmt
Certain NETGEAR devices are affected by authentication bypass. This affects JGS516PE before 2017-05-11  JGS524Ev2 before 2017-05-11  JGS524PE before 2017-05-11  GS105Ev2 before 2017-05-11  GS105PE before 2017-05-11  GS108Ev3 before 2017-05-11  GS108PEv3 before 2017-05-11  GS116Ev2 before 2017-05-11  GSS108E before 2017-05-11  GSS116E before 2017-05-11  XS708Ev2 before 2017-05-11  and XS716E before 2017-05-11.,Limited Rmt
** DISPUTED ** 360 Total Security 3.5.0.1033 allows a Sandbox Escape via an import os statement  followed by os.system(CMD) or os.system(PowerShell)  within a .py file. NOTE: the vendors position is that this cannot be categorized as a vulnerability  although it is a security-related issue.,Local
Insufficient access control vulnerability in subsystem for Intel(R) CSME before versions 11.x 12.0.35 Intel(R) TXE 3.x 4.x Intel(R) Server Platform Services 3.x 4.x Intel(R) SPS before version SPS_E3_05.00.04.027.0 may allow an unauthenticated user to potentially enable escalation of privilege via physical access.,Physical
Insufficient input validation vulnerability in subsystem for Intel(R) AMT before versions 11.8.65 11.11.65 11.22.65 12.0.35 may allow an unauthenticated user to potentially enable escalation of privilege via physical access.,Physical
Insufficient input validation vulnerability in subsystem for Intel(R) AMT before versions 11.8.65 11.11.65 11.22.65 12.0.35 may allow an unauthenticated user to potentially enable denial of service via adjacent network access.,Limited Rmt
Out of bound write vulnerability in subsystem for Intel(R) AMT before versions 11.8.65 11.11.65 11.22.65 12.0.35 may allow an authenticated user to potentially enable escalation of privilege via adjacent network access.,Limited Rmt
Logic bug vulnerability in subsystem for Intel(R) CSME before version 12.0.35 Intel(R) TXE before 3.1.65 4.0.15 may allow an unauthenticated user to potentially enable escalation of privilege via physical access.,Physical
Insufficient access control vulnerability in subsystem in Intel(R) SPS before version SPS_E3_05.00.04.027.0 may allow an unauthenticated user to potentially enable escalation of privilege via physical access.,Physical
Insufficient input validation in subsystem in Intel(R) AMT before versions 11.8.70 11.11.70 11.22.70 and 12.0.45 may allow an unauthenticated user to potentially enable denial of service or information disclosure via adjacent access.,Limited Rmt
Insufficient access control in the Intel(R) PROSet/Wireless WiFi Software driver before version 21.10 may allow an unauthenticated user to potentially enable denial of service via adjacent access.,Limited Rmt
Buffer overflow in firmware for Intel(R) Ethernet 700 Series Controllers before version 7.0 may allow an unauthenticated user to potentially enable an escalation of privilege via an adjacent access.,Limited Rmt
Heap overflow in subsystem in Intel(R) CSME before versions 11.8.70 11.11.70 11.22.70 12.0.45; Intel(R) TXE before versions 3.1.70 and 4.0.20 may allow an unauthenticated user to potentially enable escalation of privileges information disclosure or denial of service via adjacent access.,Limited Rmt
Logic condition in specific microprocessors may allow an authenticated user to potentially enable partial physical address information disclosure via local access.,Physical
LineageOS 16.0 and earlier is affected by: Incorrect Access Control. The impact is: The property checked by adb root can also be set in a normal adb shell session. The component is: adb shell (patches to fix this are at https://review.lineageos.org/c/LineageOS/android_system_core/+/234800 https://review.lineageos.org/c/LineageOS/android_device_lineage_sepolicy/+/234799). The attack vector is: When adb is enabled and an attacker has physical access adb shell setprop service.adb.root 1 allows restarting adb as root.,Physical
An issue was discovered on Phoenix Contact AXC F 2152 (No.2404267) before 2019.0 LTS and AXC F 2152 STARTERKIT (No.1046568) before 2019.0 LTS devices. Unlimited physical access to the PLC may lead to a manipulation of SD cards data. SD card manipulation may lead to an authentication bypass opportunity.,Physical
Insufficient input validation in subsystem for Intel(R) AMT before version 12.0.45 may allow an unauthenticated user to potentially enable escalation of privilege via physical access.,Physical
Insufficient input validation in subsystem in Intel(R) AMT before versions 11.8.70 11.11.70 11.22.70 and 12.0.45 may allow an unauthenticated user to potentially enable escalation of privilege via adjacent access.,Limited Rmt
Insufficient input validation in the subsystem for Intel(R) AMT before versions 11.8.70 11.11.70 11.22.70 and 12.0.45 may allow an unauthenticated user to potentially enable information disclosure via physical access.,Physical
Memory corruption issues in Intel(R) WIFI Drivers before version 21.40 may allow a privileged user to potentially enable escalation of privilege denial of service and information disclosure via adjacent access.,Limited Rmt
A race condition in specific microprocessors using Intel (R) DDIO cache allocation and RDMA may allow an authenticated user to potentially enable partial information disclosure via adjacent access.,Limited Rmt
Pivotal Apps Manager included in Pivotal Application Service versions 2.3.x prior to 2.3.16 2.4.x prior to 2.4.12 2.5.x prior to 2.5.8 and 2.6.x prior to 2.6.3 makes a request to the /cloudapplication endpoint via Spring actuator and subsequent requests via unsecured http. An adjacent unauthenticated user could eavesdrop on the network traffic and gain access to the unencrypted token allowing the attacker to read the type of access a user has over an app. They may also modify the logging level potentially leading to lost information that would otherwise have been logged.,Limited Rmt
An authentication bypass in website post requests in the Tzumi Electronics Klic Lock application 1.0.9 for mobile devices allows attackers to access resources (that are not otherwise accessible without proper authentication) via capture-replay. Physically proximate attackers can use this information to unlock unauthorized Tzumi Electronics Klic Smart Padlock Model 5686 Firmware 6.2.,Physical
On certain Samsung P(9.0) phones an attacker with physical access can start a TCP Dump capture without the users knowledge. This feature of the Service Mode application is available after entering the *9900 check code but is protected by an OTP password. However this password is created locally and (due to mishandling of cryptography) can be obtained easily by reversing the password creation logic.,Physical
A potential incorrect privilege assignment vulnerability exists in the app pairing mechanism of the Bosch Smart Home Controller (SHC) before 9.8.905 that may result in elevated privileges of the adversarys choosing. In order to exploit the vulnerability the adversary needs physical access to the SHC during the attack.,Physical
An authentication bypass vulnerability in the password reset functionality in Zoho ManageEngine ADSelfService Plus before 5.0.6 allows an attacker with physical access to gain a shell with SYSTEM privileges via the restricted thick client browser. The attack uses a long sequence of crafted keyboard input.,Physical
Due to unencrypted and unauthenticated data communication  the wireless presenter Inateck WP2002 is prone to keystroke injection attacks. Thus  an attacker is able to send arbitrary keystrokes to a victims computer system  e.g.  to install malware when the target system is unattended. In this way  an attacker can remotely take control over the victims computer that is operated with an affected receiver of this device.,Limited Rmt
Due to unencrypted and unauthenticated data communication  the wireless presenter Inateck WP1001 v1.3C is prone to keystroke injection attacks. Thus  an attacker is able to send arbitrary keystrokes to a victims computer system  e.g.  to install malware when the target system is unattended. In this way  an attacker can remotely take control over the victims computer that is operated with an affected receiver of this device.,Limited Rmt
Due to unencrypted and unauthenticated data communication  the wireless presenter Logitech R700 Laser Presentation Remote R-R0010 is prone to keystroke injection attacks. Thus  an attacker is able to send arbitrary keystrokes to a victims computer system  e.g.  to install malware when the target system is unattended. In this way  an attacker can remotely take control over the victims computer that is operated with an affected receiver of this device.,Limited Rmt
Logitech Unifying devices allow keystroke injection  bypassing encryption. The attacker must press a magic key combination while sniffing cryptographic data from a Radio Frequency transmission. NOTE: this issue exists because of an incomplete fix for CVE-2016-10761.,Limited Rmt
This vulnerability allows network adjacent attackers to execute arbitrary code on affected installations of Xiaomi Browser Prior to 10.4.0. User interaction is required to exploit this vulnerability in that the target must connect to a malicious access point. The specific flaw exists within the handling of HTTP responses to the Captive Portal. A crafted HTML response can cause the Captive Portal to to open a browser to a specified location without user interaction. An attacker can leverage this in conjunction with other vulnerabilities to execute code in the context of the current process. Was ZDI-CAN-7467.,Limited Rmt
A vulnerability has been identified in Nucleus NET (All versions) Nucleus RTOS (All versions) Nucleus ReadyStart for ARM MIPS and PPC (All versions < V2017.02.2 with patch Nucleus 2017.02.02 Nucleus NET Patch) Nucleus SafetyCert (All versions) Nucleus Source Code (All versions) VSTAR (All versions). By sending specially crafted DHCP packets to a device an attacker may be able to affect availability and integrity of the device. Adjacent network access but no authentication and no user interaction is needed to conduct this attack. At the time of advisory publication no public exploitation of this security vulnerability was known.,Limited Rmt
A vulnerability was discovered in Linux FreeBSD OpenBSD MacOS iOS and Android that allows a malicious access point or an adjacent user to determine if a connected user is using a VPN make positive inferences about the websites they are visiting and determine the correct sequence and acknowledgement numbers in use allowing the bad actor to inject data into the TCP stream. This provides everything that is needed for an attacker to hijack active connections inside the VPN tunnel.,Limited Rmt
This vulnerability allows network-adjacent attackers execute arbitrary code on affected installations of TP-Link Archer A7 Firmware Ver: 190726 AC1750 routers. Authentication is not required to exploit this vulnerability. The specific flaw exists within the tdpServer service  which listens on UDP port 20002 by default. This issue results from the use of hard-coded encryption key. An attacker can leverage this in conjunction with other vulnerabilities to execute code in the context of root. Was ZDI-CAN-9652.,Limited Rmt
A vulnerability in the bridge protocol data unit (BPDU) forwarding functionality of Cisco Aironet Access Points (APs) could allow an unauthenticated adjacent attacker to cause an AP port to go into an error disabled state. The vulnerability occurs because BPDUs received from specific wireless clients are forwarded incorrectly. An attacker could exploit this vulnerability on the wireless network by sending a steady stream of crafted BPDU frames. A successful exploit could allow the attacker to cause a limited denial of service (DoS) attack because an AP port could go offline.,Limited Rmt
An issue was discovered on Fujitsu Wireless Keyboard Set LX390 GK381 devices. Because of the lack of proper encryption of 2.4 GHz communication  and because of password-based authentication  they are vulnerable to replay attacks.,Limited Rmt
The Eques elf smart plug and the mobile app use a hardcoded AES 256 bit key to encrypt the commands and responses between the device and the app. The communication happens over UDP port 27431. An attacker on the local network can use the same key to encrypt and send commands to discover all smart plugs in a network  take over control of a device  and perform actions such as turning it on and off.,Local
On TCL Alcatel Cingular Flip 2 B9HUAH1 devices there is an engineering application named omamock that is vulnerable to OS command injection. An attacker with physical access to the device can abuse this vulnerability to execute arbitrary OS commands as the root user via the applications UI.,Physical
The bootloader of the homee Brain Cube V2 through 2.23.0 allows attackers with physical access to gain root access by manipulating the U-Boot environment via the CLI after connecting to the internal UART interface.,Physical
If a local user has been configured and logged in an unauthenticated attacker with physical access may be able to extract sensitive information onto a local drive.,Physical
A security feature bypass vulnerability exists when Windows fails to properly handle token relationships.An attacker who successfully exploited the vulnerability could allow an application with a certain integrity level to execute code at a different integrity level  leading to a sandbox escape.The update addresses the vulnerability by correcting how Windows handles token relationships  aka Windows Token Security Feature Bypass Vulnerability.,Local
An issue was discovered on V-Zug Combi-Steam MSLQ devices before Ethernet R07 and before WLAN R05. By default the device does not enforce any authentication. An adjacent attacker is able to use the network interface without proper access control.,Limited Rmt
A vulnerability in certain access control mechanisms for the Secure Shell (SSH) server implementation for Cisco Wireless LAN Controller (WLC) Software could allow an unauthenticated adjacent attacker to access a CLI instance on an affected device. The vulnerability is due to a lack of proper input- and validation-checking mechanisms for inbound SSH connections on an affected device. An attacker could exploit this vulnerability by attempting to establish an SSH connection to an affected controller. An exploit could allow the attacker to access an affected devices CLI to potentially cause further attacks. This vulnerability has been fixed in version 8.5(140.0).,Limited Rmt
An issue was discovered on Fujitsu Wireless Keyboard Set LX390 GK381 devices. Because of the lack of proper encryption of 2.4 GHz communication  they are prone to keystroke injection attacks.,Limited Rmt
An issue was discovered on Fujitsu Wireless Keyboard Set LX390 GK381 devices. Because of the lack of proper encryption of 2.4 GHz communication  an attacker is able to eavesdrop on sensitive data such as passwords.,Limited Rmt
BIOTRONIK CardioMessenger II The affected products allow credential reuse for multiple authentication purposes. An attacker with adjacent access to the CardioMessenger can disclose its credentials used for connecting to the BIOTRONIK Remote Communication infrastructure.,Limited Rmt
BIOTRONIK CardioMessenger II The affected products do not encrypt sensitive information while at rest. An attacker with physical access to the CardioMessenger can disclose medical measurement data and the serial number from the implanted cardiac device the CardioMessenger is paired with.,Physical
BIOTRONIK CardioMessenger II The affected products use individual per-device credentials that are stored in a recoverable format. An attacker with physical access to the CardioMessenger can use these credentials for network authentication and decryption of local data in transit.,Physical
A vulnerability in the quality of service (QoS) feature of Cisco Aironet Series Access Points (APs) could allow an authenticated adjacent attacker to cause a denial of service (DoS) condition on an affected device. The vulnerability is due to improper input validation on QoS fields within Wi-Fi frames by the affected device. An attacker could exploit this vulnerability by sending malformed Wi-Fi frames to an affected device. A successful exploit could allow the attacker to cause the affected device to crash resulting in a DoS condition.,Limited Rmt
A vulnerability in Cisco Digital Network Architecture (DNA) Center could allow an unauthenticated adjacent attacker to bypass authentication and access critical internal services. The vulnerability is due to insufficient access restriction to ports necessary for system operation. An attacker could exploit this vulnerability by connecting an unauthorized network device to the subnet designated for cluster services. A successful exploit could allow an attacker to reach internal services that are not hardened for external access.,Limited Rmt
Cisco Webex Business Suite before 39.1.0 contains a vulnerability that could allow an unauthenticated remote attacker to affect the integrity of the application. The vulnerability is due to improper validation of host header values. An attacker with a privileged network position either a man-in-the-middle or by intercepting wireless network traffic could exploit this vulnerability to manipulate header values sent by a client to the affected application. The attacker could cause the application to use input from the header to redirect a user from the Cisco Webex Meetings Online site to an arbitrary site of the attackers choosing.,Remote
A potential security vulnerability with pre-boot DMA may allow unauthorized UEFI code execution using open-case attacks. This industry-wide issue requires physically accessing internal expansion slots with specialized hardware and software tools to modify UEFI code in memory. This affects HP Intel-based Business PCs that support Microsoft Windows 10 Kernel DMA protection. Affected versions depend on platform (prior to 01.04.02; or prior to 02.04.01; or prior to 02.04.02).,Physical
A vulnerability in the 802.11r Fast Transition (FT) implementation for Cisco IOS Access Points (APs) Software could allow an unauthenticated adjacent attacker to cause a denial of service (DoS) condition on an affected interface. The vulnerability is due to a lack of complete error handling condition for client authentication requests sent to a targeted interface configured for FT. An attacker could exploit this vulnerability by sending crafted authentication request traffic to the targeted interface causing the device to restart unexpectedly.,Limited Rmt
Adobe Premiere Rush versions 1.5.12 and earlier have an out-of-bounds read vulnerability. Successful exploitation could lead to arbitrary code execution .,Local
OKER G232V1 v1.03.02.20161129 devices provide a root terminal on a UART serial interface without proper access control. This allows attackers with physical access to interrupt the boot sequence in order to execute arbitrary commands with root privileges and conduct further attacks.,Physical
Certain NETGEAR devices are affected by authentication bypass. This affects D6220 before 1.0.0.26  D6400 before 1.0.0.60  D8500 before 1.0.3.29  R6250 before 1.0.4.12  R6400 before 1.01.24  R6400v2 before 1.0.2.30  R6700 before 1.0.1.22  R6900 before 1.0.1.22  R6900P before 1.0.0.56  R7000 before 1.0.9.4  R7000P before 1.0.0.56  R7100LG before 1.0.0.32  R7300DST before 1.0.0.54  R7900 before 1.0.1.18  R8000 before 1.0.3.44  R8300 before 1.0.2.100_1.0.82  and R8500 before 1.0.2.100_1.0.82.,Local
Certain NETGEAR devices are affected by authentication bypass. This affects EX3700 before 1.0.0.64  EX3800 before 1.0.0.64  EX6120 before 1.0.0.32  EX6130 before 1.0.0.16  R6300v2 before 1.0.4.12  R6700 before 1.0.1.26  R6900 before 1.0.1.22  R7000 before 1.0.9.6  R7300DST before 1.0.0.52  R7900 before 1.0.1.12  R8000 before 1.0.3.24  R8500 before 1.0.2.74  and WNR2000v2 before 1.2.0.8.,Limited Rmt
In getUserCount and getCount of UserSwitcherController.java there is possible new user creation due to a logic error. This could lead to local escalation of privilege for an attacker who has physical access to the device with no additional execution privileges needed. User interaction is not needed for exploitation.Product: AndroidVersions: Android-10Android ID: A-140486529,Physical
Authentication protection bypass vulnerability in McAfee Data Loss Prevention (DLPe) for Windows 11.x prior to 11.3.0 allows physical local user to bypass the Windows lock screen via DLPe processes being killed just prior to the screen being locked or when the screen is locked. The attacker requires physical access to the machine.,Physical
RSA BSAFE Micro Edition Suite versions prior to 4.4 (in 4.0.x 4.1.x 4.2.x and 4.3.x) are vulnerable to a Heap-based Buffer Overflow vulnerability when parsing ECDSA signature. A malicious user with adjacent network access could potentially exploit this vulnerability to cause a crash in the library of the affected system.,Limited Rmt
Adobe Premiere Rush versions 1.5.12 and earlier have an out-of-bounds write vulnerability. Successful exploitation could lead to arbitrary code execution .,Local
Adobe Premiere Rush versions 1.5.12 and earlier have an out-of-bounds write vulnerability. Successful exploitation could lead to arbitrary code execution .,Local
Adobe Audition versions 13.0.6 and earlier have an out-of-bounds write vulnerability. Successful exploitation could lead to arbitrary code execution .,Local
Adobe Audition versions 13.0.6 and earlier have an out-of-bounds write vulnerability. Successful exploitation could lead to arbitrary code execution .,Local
Adobe After Effects versions 17.1 and earlier have an out-of-bounds write vulnerability. Successful exploitation could lead to arbitrary code execution .,Local
Adobe After Effects versions 17.1 and earlier have an out-of-bounds read vulnerability. Successful exploitation could lead to arbitrary code execution .,Local
IBM InfoSphere Information Server 11.7.1.0 stores a common hard coded encryption key that could be used to decrypt sensitive information. IBM X-Force ID: 159229.,Local
IBM Maximo Anywhere 7.6.2.0 7.6.2.1 7.6.3.0 and 7.6.3.1 could disclose highly senstiive user information to an authenticated user with physical access to the device. IBM X-Force ID: 160514.,Physical
IBM Maximo Anywhere 7.6.2.0 7.6.2.1 7.6.3.0 and 7.6.3.1 could disclose highly senstiive user information to an authenticated user with physical access to the device. IBM X-Force ID: 160631.,Physical
Adobe After Effects versions 17.1 and earlier have an out-of-bounds write vulnerability. Successful exploitation could lead to arbitrary code execution .,Local
IBM MaaS360 3.96.62 for iOS could allow an attacker with physical access to the device to obtain sensitive information from the agent outside of the container. IBM X-Force ID: 172705.,Physical
The client in Electronic Arts (EA) Origin 10.5.36 on Windows allows template injection in the title parameter of the Origin2 URI handler. This can be used to escape the underlying AngularJS sandbox and achieve remote code execution via an origin2://game/launch URL for QtApplication QDesktopServices communication.,Local
In Avast Premium Security 19.8.2393  attackers can send a specially crafted request to the local web server run by Avast Antivirus on port 27275 to support Bank Mode functionality. A flaw in the processing of a command allows execution of arbitrary OS commands with the privileges of the currently logged in user. This allows for example attackers who compromised a browser extension to escape from the browser sandbox.,Local
A vulnerability was reported in various BIOS versions of older ThinkPad systems that could allow a user with administrative privileges or physical access the ability to update the Embedded Controller with unsigned firmware.,Physical
There is a man-in-the-middle (MITM) vulnerability on Huawei P30 smartphones versions before ELE-AL00 9.1.0.162(C01E160R1P12/C01E160R2P1)  and P30 Pro versions before VOG-AL00 9.1.0.162 (C01E160R1P12/C01E160R2P1). When users establish connection and transfer data through Huawei Share  an attacker could sniff  spoof and do a series of operations to intrude the Huawei Share connection and launch a man-in-the-middle attack to obtain and tamper the data. (Vulnerability ID: HWPSIRT-2019-03109),Limited Rmt
On BIG-IP 14.1.0-14.1.0.5  14.0.0-14.0.0.4  13.0.0-13.1.1.4  and 12.1.0-12.1.4  under certain circumstances  attackers can decrypt configuration items that are encrypted because the vCMP configuration unit key is generated with insufficient randomness. The attack prerequisite is direct access to encrypted configuration and/or UCS files.,Local
Improper download file verification vulnerability in VAIO Update 7.3.0.03150 and earlier allows remote attackers to conduct a man-in-the-middle attack via a malicous wireless LAN access point. A successful exploitation may result in a malicious file being downloaded/executed.,Limited Rmt
A logic issue was addressed with improved restrictions. This issue is fixed in iOS 12.3. A person with physical access to an iOS device may be able to see the email address used for iTunes.,Physical
The issue was addressed by restricting options offered on a locked device. This issue is fixed in iOS 13. A person with physical access to an iOS device may be able to access contacts from the lock screen.,Physical
The issue was addressed by restricting options offered on a locked device. This issue is fixed in iOS 13.1 and iPadOS 13.1. A person with physical access to an iOS device may be able to access contacts from the lock screen.,Physical
The Bluetooth BR/EDR specification up to and including version 5.1 permits sufficiently low encryption key length and does not prevent an attacker from influencing the key length negotiation. This allows practical brute-force attacks (aka KNOB) that can decrypt traffic and inject arbitrary ciphertext without the victim noticing.,Limited Rmt
Apple iPhone 3GS bootrom malloc implementation returns a non-NULL pointer when unable to allocate memory aka alloc8. An attacker with physical access to the device can install arbitrary firmware.,Physical
An elevation of privilege vulnerability exists when reparse points are created by sandboxed processes allowing sandbox escape  aka Windows NTFS Elevation of Privilege Vulnerability.,Local
Improper input validation in subsystem for Intel(R) AMT versions before 11.8.77 11.12.77 11.22.77 and 12.0.64 may allow an unauthenticated user to potentially enable denial of service or information disclosure via adjacent access.,Limited Rmt
Improper access control in subsystem for BlueZ before version 5.54 may allow an unauthenticated user to potentially enable escalation of privilege and denial of service via adjacent access,Limited Rmt
Improper buffer restrictions in kernel mode driver for Intel(R) PROSet/Wireless WiFi products before version 21.70 on Windows 10 may allow an unprivileged user to potentially enable denial of service via adjacent access.,Limited Rmt
Improper Access Control in subsystem for Intel(R) TXE versions before 3.175 and 4.0.25 may allow an unauthenticated user to potentially enable escalation of privilege via physical access.,Physical
Improper configuration in block design for Intel(R) MAX(R) 10 FPGA all versions may allow an authenticated user to potentially enable escalation of privilege and information disclosure via physical access.,Physical
Buffer overflow in Intel(R) Modular Server MFS2600KISPP Compute Module may allow an unauthenticated user to potentially enable denial of service via adjacent access.,Limited Rmt
Insufficient control flow for Intel(R) Modular Server MFS2600KISPP Compute Module may allow an unauthenticated user to potentially enable escalation of privilege via adjacent access.,Limited Rmt
Improper conditions check for Intel(R) Modular Server MFS2600KISPP Compute Module may allow an unauthenticated user to potentially enable escalation of privilege via adjacent access.,Limited Rmt
Certain NETGEAR devices are affected by authentication bypass. This affects D6200 before 1.1.00.34  D7000 before 1.0.1.68  JR6150 before 1.0.1.18  PR2000 before 1.0.0.28  R6050 before 1.0.1.18  R6120 before 1.0.0.46  R6220 before 1.1.0.80  R6260 before 1.1.0.64  R6700v2 before 1.2.0.36  R6800 before 1.2.0.36  and R6900v2 before 1.2.0.36.,Limited Rmt
The shell subsystem contains a buffer overflow whereby an adversary with physical access to the device is able to cause a memory corruption resulting in denial of service or possibly code execution within the Zephyr kernel. See NCC-NCC-019 This issue affects: zephyrproject-rtos zephyr version 1.14.0 and later versions. version 2.1.0 and later versions.,Physical
Legacy pairing and secure-connections pairing authentication in Bluetooth  BR/EDR Core Specification v5.2 and earlier may allow an unauthenticated user to complete authentication without pairing credentials via adjacent access. An unauthenticated adjacent attacker could impersonate a Bluetooth BR/EDR master or slave to pair with a previously paired remote device to successfully complete the authentication procedure without knowing the link key.,Limited Rmt
The Telegram application through 5.12 for Android when Show Popup is enabled might allow physically proximate attackers to bypass intended restrictions on message reading and message replying. This might be interpreted as a bypass of the passcode feature.,Physical
This vulnerability allows network-adjacent attackers to bypass authentication on affected installations of D-Link DIR-867  DIR-878  and DIR-882 routers with firmware 1.10B04. Authentication is not required to exploit this vulnerability. The specific flaw exists within the handling of HNAP login requests. The issue results from the lack of proper implementation of the authentication algorithm. An attacker can leverage this vulnerability to escalate privileges and execute code in the context of the router. Was ZDI-CAN-9470.,Limited Rmt
A flaw was found in grub2 prior to version 2.06. An attacker may use the GRUB 2 flaw to hijack and tamper the GRUB verification process. This flaw also allows the bypass of Secure Boot protections. In order to load an untrusted or modified kernel an attacker would first need to establish access to the system such as gaining physical access obtain the ability to alter a pxe-boot network or have remote access to a networked system with root access. With this access an attacker could then craft a string to cause a buffer overflow by injecting a malicious payload that leads to arbitrary code execution within GRUB. The highest threat from this vulnerability is to data confidentiality and integrity as well as system availability.,Remote
The Help feature in the ES File Explorer File Manager application 4.1.9.7.4 for Android allows session hijacking by a Man-in-the-middle attacker on the local network because HTTPS is not used  and an attackers web site is displayed in a WebView with no information about the URL.,Limited Rmt
Jamf Self Service 10.9.0 allows man-in-the-middle attackers to obtain a root shell by leveraging the publish Bash shell scripts feature to insert /Applications/Utilities/Terminal app/Contents/MacOS/Terminal into the TCP data stream.,Limited Rmt
This vulnerability allows network-adjacent attackers to bypass authentication on affected installations of D-Link DIR-867  DIR-878  and DIR-882 routers with firmware 1.10B04. Authentication is not required to exploit this vulnerability. The specific flaw exists within the handling of HNAP login requests. The issue results from the lack of proper handling of empty passwords. An attacker can leverage this vulnerability to execute arbitrary code on the router. Was ZDI-CAN-9471.,Limited Rmt
Huawei smartphones OxfordP-AN10B with versions earlier than 10.0.1.169(C00E166R4P1) have an improper authentication vulnerability. The Application doesnt perform proper authentication when user performs certain operations. An attacker can trick user into installing a malicious plug-in to exploit this vulnerability. Successful exploit could allow the attacker to bypass the authentication to perform unauthorized operations.,Local
This vulnerability allows remote attackers to create a denial-of-service condition on affected installations of C-MORE HMI EA9 Firmware version 6.52 touch screen panels. Authentication is not required to exploit this vulnerability. The specific flaw exists within the EA-HTTP.exe process. The issue results from the lack of proper input validation prior to further processing user requests. An attacker can leverage this vulnerability to create a denial-of-service condition on the system. Was ZDI-CAN-10527.,Remote
Certain NETGEAR devices are affected by authentication bypass. This affects JNR1010v2 before 1.1.0.48  JWNR2010v5 before 1.1.0.48  WNR1000v4 before 1.1.0.48  WNR2020 before 1.1.0.48  and WNR2050 before 1.1.0.48.,Limited Rmt
Huawei P20 smartphones with versions earlier than 10.0.0.156(C00E156R1P4) have an improper authentication vulnerability. The vulnerability is due to that when an user wants to do certain operation  the software insufficiently validate the users identity. Attackers need to physically access the smartphone to exploit this vulnerability. Successful exploit could allow the attacker to bypass the limit of student mode function.,Physical
An elevation of privilege vulnerability exists in ManageEngine ADSelfService Plus before build 6003 because it does not properly enforce user privileges associated with a Certificate dialog. This vulnerability could allow an unauthenticated attacker to escalate privileges on a Windows host. An attacker does not require any privilege on the target system in order to exploit this vulnerability. One option is the self-service option on the Windows login screen. Upon selecting this option the thick-client software is launched which connects to a remote ADSelfService Plus server to facilitate self-service operations. An unauthenticated attacker having physical access to the host could trigger a security alert by supplying a self-signed SSL certificate to the client. The View Certificate option from the security alert allows an attacker to export a displayed certificate to a file. This can further cascade to a dialog that can open Explorer as SYSTEM. By navigating from Explorer to \windows\system32 cmd.exe can be launched as a SYSTEM.,Remote
A specially crafted communication packet sent to the affected devices could allow remote code execution and a denial-of-service condition due to a deserialization vulnerability. This issue affects: Mitsubishi Electric MC Works64 version 4.02C (10.95.208.31) and earlier all versions; Mitsubishi Electric MC Works32 version 3.00A (9.50.255.02); ICONICS GenBroker64 Platform Services Workbench FrameWorX Server version 10.96 and prior; ICONICS GenBroker32 version 9.5 and prior.,Remote
Baxter Sigma Spectrum Infusion Pumps Sigma Spectrum Infusion System vs6.x model 35700BAX & Baxter Spectrum Infusion System vs8.x model 35700BAX2 contain hardcoded passwords when physically entered on the keypad provide access to biomedical menus including device settings view calibration values network configuration of Sigma Spectrum WBM if installed.,Physical
In addOrUpdateNetworkInternal and related functions of WifiConfigManager.java  there is a possible man in the middle attack due to improper certificate validation. This could lead to remote information disclosure with no additional execution privileges needed. User interaction is needed for exploitation.Product: AndroidVersions: Android-10Android ID: A-150500247,Local
DLL Search Order Hijacking vulnerability in McAfee Agent (MA) prior to 5.6.4 allows attackers with local access to execute arbitrary code via execution from a compromised folder.,Local
Mitsubishi MELSEC iQ-R Series PLCs with firmware 33 allow attackers to halt the industrial process by sending an unauthenticated crafted packet over the network because this denial of service attack consumes excessive CPU time. After halting physical access to the PLC is required in order to restore production.,Physical
In multiple functions in DrmPlugin.cpp  there is a possible use after free due to a race condition. This could lead to local code execution with System execution privileges required. User interaction is not needed for exploitation.Product: AndroidVersions: Android-10Android ID: A-137878930,Local
In AudioStream::decode of AudioGroup.cpp  there is a possible out of bounds read due to a missing bounds check. This could lead to remote information disclosure in the phone process with no additional execution privileges needed. User interaction is needed for exploitation.Product: AndroidVersions: Android-10Android ID: A-140054506,Local
In parseChunk of MPEG4Extractor.cpp  there is a possible out of bounds write due to incompletely initialized data. This could lead to remote code execution with no additional execution privileges needed. User interaction is needed for exploitation.Product: AndroidVersions: Android-10Android ID: A-151159638,Local
Dell Client Consumer and Commercial platforms include an improper authorization vulnerability in the Dell Manageability interface for which an unauthorized actor  with local system access with OS administrator privileges  could bypass the BIOS Administrator authentication to restore BIOS Setup configuration to default values.,Local
webs in Ruckus Wireless Unleashed through 200.7.10.102.92 allows a remote attacker to cause a denial of service (Segmentation fault) to the webserver via an unauthenticated crafted HTTP request. This affects C110 E510 H320 H510 M510 R320 R310 R500 R510 R600 R610 R710 R720 R750 T300 T301n T301s T310c T310d T310n T310s T610 T710 and T710s devices.,Remote
A remote code execution vulnerability exists in the way that Microsoft Windows Codecs Library handles objects in memory aka Microsoft Windows Codecs Library Remote Code Execution Vulnerability. This CVE ID is unique from CVE-2020-1425.,Remote
An authentication bypass vulnerability exists in Microsoft YourPhoneCompanion application for Android  in the way the application processes notifications generated by work profiles.This could allow an unauthenticated attacker to view notifications  aka Microsoft YourPhone Application for Android Authentication Bypass Vulnerability.,Physical
On Juniper Networks SRX Series with ICAP (Internet Content Adaptation Protocol) redirect service enabled a double free vulnerability can lead to a Denial of Service (DoS) or Remote Code Execution (RCE) due to processing of a specific HTTP message. Continued processing of this specific HTTP message may result in an extended Denial of Service (DoS). The offending HTTP message that causes this issue may originate both from the HTTP server or the client. This issue affects Juniper Networks Junos OS on SRX Series: 18.1 versions prior to 18.1R3-S9; 18.2 versions prior to 18.2R3-S3; 18.3 versions prior to 18.3R2-S4 18.3R3-S1; 18.4 versions prior to 18.4R2-S5 18.4R3; 19.1 versions prior to 19.1R2; 19.2 versions prior to 19.2R1-S2 19.2R2; 19.3 versions prior to 19.3R2. This issue does not affect Juniper Networks Junos OS prior to 18.1R1.,Remote
On Juniper Networks SRX Series with ICAP (Internet Content Adaptation Protocol) redirect service enabled processing a malformed HTTP message can lead to a Denial of Service (DoS) or Remote Code Execution (RCE) Continued processing of this malformed HTTP message may result in an extended Denial of Service (DoS) condition. The offending HTTP message that causes this issue may originate both from the HTTP server or the HTTP client. This issue affects Juniper Networks Junos OS on SRX Series: 18.1 versions prior to 18.1R3-S9 ; 18.2 versions prior to 18.2R2-S7 18.2R3-S3; 18.3 versions prior to 18.3R1-S7 18.3R2-S4 18.3R3-S1; 18.4 versions prior to 18.4R1-S7 18.4R2-S4 18.4R3; 19.1 versions prior to 19.1R1-S5 19.1R2; 19.2 versions prior to 19.2R1-S2 19.2R2; 19.3 versions prior to 19.3R2. This issue does not affect Juniper Networks Junos OS prior to 18.1R1.,Remote
CarbonFTP v1.4 uses insecure proprietary password encryption with a hard-coded weak encryption key. The key for local FTP server passwords is hard-coded in the binary.,Local
PLCopen XML file parsing in Phoenix Contact PC Worx and PC Worx Express version 1.87 and earlier can lead to a stack-based overflow. Manipulated PC Worx projects could lead to a remote code execution due to insufficient input data validation.,Local
Apache CXF has the ability to integrate with JMX by registering an InstrumentationManager extension with the CXF bus. If the &8216;createMBServerConnectorFactory&8217; property of the default InstrumentationManagerImpl is not disabled  then it is vulnerable to a man-in-the-middle (MITM) style attack. An attacker on the same host can connect to the registry and rebind the entry to another server  thus acting as a proxy to the original. They are then able to gain access to all of the information that is sent and received over JMX.,Limited Rmt
A vulnerability in the multicast DNS (mDNS) protocol configuration of Cisco Webex Meetings Client for MacOS could allow an unauthenticated adjacent attacker to obtain sensitive information about the device on which the Webex client is running. The vulnerability exists because sensitive information is included in the mDNS reply. An attacker could exploit this vulnerability by doing an mDNS query for a particular service against an affected device. A successful exploit could allow the attacker to gain access to sensitive information.,Limited Rmt
Standalone clients connecting to SAP NetWeaver AS Java via P4 Protocol  versions (SAP-JEECOR 7.00  7.01; SERVERCOR 7.10  7.11  7.20  7.30  7.31  7.40  7.50; CORE-TOOLS 7.00  7.01  7.02  7.05  7.10  7.11  7.20  7.30  7.31  7.40  7.50) do not perform any authentication checks for operations that require user identity leading to Authentication Bypass.,Limited Rmt
A vulnerability in the web-based user interface (web UI) of Cisco IOS XE Software could allow an unauthenticated adjacent attacker to bypass access control restrictions on an affected device. The vulnerability is due to the presence of a proxy service at a specific endpoint of the web UI. An attacker could exploit this vulnerability by connecting to the proxy service. An exploit could allow the attacker to bypass access restrictions on the network by proxying their access request through the management network of the affected device. As the proxy is reached over the management virtual routing and forwarding (VRF) this could reduce the effectiveness of the bypass.,Limited Rmt
Certain NETGEAR devices are affected by authentication bypass. This affects D6200 before 1.1.00.30  D7000 before 1.0.1.66  R6020 before 1.0.0.34  R6080 before 1.0.0.34  R6120 before 1.0.0.44  R6220 before 1.1.0.68  WNR2020 before 1.1.0.54  and WNR614 before 1.1.0.54.,Limited Rmt
NETGEAR R9000 devices before 1.0.4.26 are affected by authentication bypass.,Limited Rmt
A vulnerability in Cisco Aironet Series Access Points Software could allow an unauthenticated adjacent attacker to cause a denial of service (DoS) condition on an affected device. The vulnerability is due to the improper processing of client packets that are sent to an affected access point (AP). An attacker could exploit this vulnerability by sending a large number of sustained client packets to the affected AP. A successful exploit could allow the attacker to cause the affected AP to crash resulting in a DoS condition.,Limited Rmt
A vulnerability in the EGG archive parsing module in Clam AntiVirus (ClamAV) Software versions 0.102.0 - 0.102.3 could allow an unauthenticated remote attacker to cause a denial of service condition on an affected device. The vulnerability is due to a null pointer dereference. An attacker could exploit this vulnerability by sending a crafted EGG file to an affected device. An exploit could allow the attacker to cause the ClamAV scanning process crash resulting in a denial of service condition.,Remote
A lock screen issue allowed access to contacts on a locked device. This issue was addressed with improved state management. This issue is fixed in iOS 13.3.1 and iPadOS 13.3.1. A person with physical access to an iOS device may be able to access contacts from the lock screen.,Physical
An inconsistent user interface issue was addressed with improved state management. This issue is fixed in iOS 13.3.1 and iPadOS 13.3.1. A person with physical access to an iOS device may be able to access contacts from the lock screen.,Physical
A logic issue was addressed with improved state management. This issue is fixed in iOS 13.4 and iPadOS 13.4 watchOS 6.2. A person with physical access to a locked iOS device may be able to respond to messages even when replies are disabled.,Physical
NETGEAR RAX40 devices before 1.0.3.64 are affected by authentication bypass.,Limited Rmt
mwe file parsing in Phoenix Contact PC Worx and PC Worx Express version 1.87 and earlier is vulnerable to out-of-bounds read remote code execution. Manipulated PC Worx projects could lead to a remote code execution due to insufficient input data validation.,Local
IBM Security Guardium 10.6  11.0  and 11.1 contains hard-coded credentials  such as a password or cryptographic key  which it uses for its own inbound authentication  outbound communication to external components  or encryption of internal data. IBM X-Force ID: 174851.,Local
Use of a hard-coded cryptographic key to encrypt security sensitive data in local storage and configuration in FortiClient for Windows prior to 6.4.0 may allow an attacker with access to the local storage or the configuration backup file to decrypt the sensitive data via knowledge of the hard-coded key.,Local
The web application exposed by the Canon Oce Colorwave 500 4.0.0.0 printer is vulnerable to authentication bypass on the page /home.jsp. An unauthenticated attacker able to connect to the devices web interface can get a copy of the documents uploaded by any users. NOTE: this is fixed in the latest version.,Local
Western Digital SanDisk X300  X300s  X400  and X600 devices: A vulnerability in the wear-leveling algorithm of the drive may cause cryptographically sensitive parameters (such as data encryption keys) to remain on the drive media after their intended erasure.,Local
IBM MQ IBM MQ Appliance and IBM MQ for HPE NonStop 8.0 9.1 CD and 9.1 LTS is vulnerable to a buffer overflow vulnerability due to an error within the channel processing code. A remote attacker could overflow the buffer using an older client and cause a denial of service. IBM X-Force ID: 181562.,Remote
IBM MQ for HPE NonStop 8.0.4 and 8.1.0 could allow a remote authenticated attacker could cause a denial of service due to an error within the Queue processing function. IBM X-Force ID: 181563.,Remote
Affected Dell Client platforms contain a BIOS Setup configuration authentication bypass vulnerability in the pre-boot Intel Rapid Storage Response Technology (iRST) Manager menu. An attacker with physical access to the system could perform unauthorized changes to the BIOS Setup configuration settings without requiring the BIOS Admin password by selecting the Optimized Defaults option in the pre-boot iRST Manager.,Physical
Dell EMC Unisphere for PowerMax versions prior to 9.1.0.17 Dell EMC Unisphere for PowerMax Virtual Appliance versions prior to 9.1.0.17 and PowerMax OS Release 5978 contain an improper certificate validation vulnerability. An unauthenticated remote attacker may potentially exploit this vulnerability to carry out a man-in-the-middle attack by supplying a crafted certificate and intercepting the victims traffic to view or modify a victim s data in transit.,Remote
Chrome Extension for e-Tax Reception System Ver1.0.0.0 allows remote attackers to execute an arbitrary command via unspecified vectors.,Remote
This vulnerability allows network-adjacent attackers to escalate privileges on affected installations of TP-Link TL-WA855RE Firmware Ver: 855rev4-up-ver1-0-1-P1[20191213-rel60361] Wi-Fi extenders. Although authentication is required to exploit this vulnerability  the existing authentication mechanism can be bypassed. The specific flaw exists within the first-time setup process. The issue results from the lack of proper validation on first-time setup requests. An attacker can leverage this vulnerability to reset the password for the Admin account and execute code in the context of the device. Was ZDI-CAN-10003.,Limited Rmt
On versions 15.1.0-15.1.0.1 15.0.0-15.0.1.2 and 14.1.0-14.1.2.3 BIG-IP Virtual Edition (VE) may expose a mechanism for adjacent network (layer 2) attackers to access local daemons and bypass port lockdown settings.,Limited Rmt
Client side code execution in gitlab-vscode-extension v2.2.0 allows attacker to execute code on user system,Local
Out of bounds write in V8 in Google Chrome prior to 81.0.4044.92 allowed a remote attacker to potentially exploit heap corruption via a crafted HTML page.,Remote
Inappropriate implementation in V8 in Google Chrome prior to 80.0.3987.162 allowed a remote attacker to potentially exploit heap corruption via a crafted HTML page.,Remote
Use after free in task scheduling in Google Chrome prior to 81.0.4044.129 allowed a remote attacker who had compromised the renderer process to potentially perform a sandbox escape via a crafted HTML page.,Remote
Use after free in ANGLE in Google Chrome prior to 81.0.4044.122 allowed a remote attacker to potentially exploit heap corruption via a crafted HTML page.,Remote
Type confusion in Blink in Google Chrome prior to 81.0.4044.138 allowed a remote attacker to potentially exploit heap corruption via a crafted HTML page.,Remote
Use after free in reader mode in Google Chrome on Android prior to 83.0.4103.61 allowed a remote attacker who had compromised the renderer process to potentially perform a sandbox escape via a crafted HTML page.,Remote
Use after free in media in Google Chrome prior to 83.0.4103.61 allowed a remote attacker who had compromised the renderer process to potentially perform a sandbox escape via a crafted HTML page.,Remote
Use after free in WebRTC in Google Chrome prior to 83.0.4103.61 allowed a remote attacker to potentially exploit heap corruption via a crafted HTML page.,Remote
Type confusion in V8 in Google Chrome prior to 83.0.4103.61 allowed a remote attacker to potentially exploit heap corruption via a crafted HTML page.,Remote
Insufficient policy enforcement in developer tools in Google Chrome prior to 83.0.4103.61 allowed an attacker who convinced a user to install a malicious extension to potentially perform a sandbox escape via a crafted Chrome Extension.,Remote
Insufficient policy enforcement in developer tools in Google Chrome prior to 83.0.4103.61 allowed an attacker who convinced a user to install a malicious extension to obtain potentially sensitive information from process memory or disk via a crafted Chrome Extension.,Remote
Insufficient policy enforcement in Blink in Google Chrome prior to 83.0.4103.61 allowed a remote attacker to obtain potentially sensitive information from process memory via a crafted HTML page.,Remote
Use after free in Blink in Google Chrome prior to 83.0.4103.61 allowed a remote attacker to potentially exploit heap corruption via a crafted HTML page.,Remote
Incorrect implementation in full screen in Google Chrome prior to 83.0.4103.61 allowed a remote attacker to spoof security UI via a crafted HTML page.,Remote
Insufficient policy enforcement in tab strip in Google Chrome prior to 83.0.4103.61 allowed an attacker who convinced a user to install a malicious extension to bypass navigation restrictions via a crafted Chrome Extension.,Remote
Inappropriate implementation in installer in Google Chrome on OS X prior to 83.0.4103.61 allowed a local attacker to perform privilege escalation via a crafted file.,Remote
Inappropriate implementation in full screen in Google Chrome prior to 83.0.4103.61 allowed a remote attacker to spoof security UI via a crafted HTML page.,Remote
Inappropriate implementation in sharing in Google Chrome prior to 83.0.4103.61 allowed a remote attacker to spoof security UI via a crafted HTML page.,Remote
Insufficient policy enforcement in enterprise in Google Chrome prior to 83.0.4103.61 allowed a local attacker to bypass navigation restrictions via UI actions.,Remote
Insufficient policy enforcement in URL formatting in Google Chrome prior to 83.0.4103.61 allowed a remote attacker to perform domain spoofing via a crafted domain name.,Remote
Insufficient policy enforcement in developer tools in Google Chrome prior to 83.0.4103.61 allowed an attacker who convinced a user to install a malicious extension to bypass navigation restrictions via a crafted Chrome Extension.,Remote
Insufficient policy enforcement in payments in Google Chrome prior to 83.0.4103.61 allowed a remote attacker to bypass navigation restrictions via a crafted HTML page.,Remote
Insufficient data validation in ChromeDriver in Google Chrome prior to 83.0.4103.61 allowed a remote attacker to bypass navigation restrictions via a crafted request.,Remote
Insufficient data validation in media router in Google Chrome prior to 83.0.4103.61 allowed a remote attacker who had compromised the renderer process to bypass navigation restrictions via a crafted HTML page.,Remote
Insufficient policy enforcement in navigations in Google Chrome prior to 83.0.4103.61 allowed a remote attacker to bypass navigation restrictions via a crafted HTML page.,Remote
Insufficient policy enforcement in downloads in Google Chrome prior to 83.0.4103.61 allowed a remote attacker to bypass navigation restrictions via a crafted HTML page.,Remote
Insufficient policy enforcement in downloads in Google Chrome prior to 83.0.4103.61 allowed a remote attacker to bypass navigation restrictions via a crafted HTML page.,Remote
Inappropriate implementation in developer tools in Google Chrome prior to 83.0.4103.61 allowed a remote attacker who had convinced the user to take certain actions in developer tools to obtain potentially sensitive information from disk via a crafted HTML page.,Remote
Insufficient data validation in loader in Google Chrome prior to 83.0.4103.61 allowed a remote attacker who had been able to write to disk to leak cross-origin data via a crafted HTML page.,Remote
Insufficient data validation in site information in Google Chrome prior to 83.0.4103.61 allowed a remote attacker to spoof security UI via a crafted domain name.,Remote
Use after free in WebAuthentication in Google Chrome prior to 83.0.4103.97 allowed a remote attacker who had compromised the renderer process to potentially perform a sandbox escape via a crafted HTML page.,Remote
Incorrect security UI in payments in Google Chrome on Android prior to 83.0.4103.97 allowed a remote attacker to spoof the contents of the Omnibox (URL bar) via a crafted HTML page.,Remote
Insufficient policy enforcement in developer tools in Google Chrome prior to 83.0.4103.97 allowed an attacker who convinced a user to install a malicious extension to potentially perform a sandbox escape via a crafted Chrome Extension.,Remote
Use after free in payments in Google Chrome on MacOS prior to 83.0.4103.97 allowed a remote attacker to potentially perform a sandbox escape via a crafted HTML page.,Remote
Insufficient policy enforcement in Omnibox in Google Chrome on iOS prior to 83.0.4103.88 allowed a remote attacker to perform domain spoofing via a crafted URI.,Remote
Incorrect implementation in user interface in Google Chrome on iOS prior to 83.0.4103.88 allowed a remote attacker to perform domain spoofing via a crafted HTML page.,Remote
Inappropriate implementation in AppCache in Google Chrome prior to 80.0.3987.87 allowed a remote attacker to bypass AppCache security restrictions via a crafted HTML page.,Remote
Inappropriate implementation in interstitials in Google Chrome prior to 80.0.3987.87 allowed a remote attacker to spoof the contents of the Omnibox (URL bar) via a crafted HTML page.,Remote
Insufficient policy enforcement in CSP in Google Chrome prior to 80.0.3987.87 allowed a remote attacker to bypass content security policy via a crafted HTML page.,Remote
Incorrect implementation in permissions in Google Chrome prior to 80.0.3987.87 allowed a remote attacker to spoof security UI via a crafted HTML page.,Remote
Inappropriate implementation in accessibility in Google Chrome prior to 74.0.3729.108 allowed a remote attacker to obtain potentially sensitive information from process memory via a crafted HTML page.,Remote
Insufficient policy enforcement in notifications in Google Chrome prior to 74.0.3729.108 allowed a remote attacker to bypass notification restrictions via a crafted HTML page.,Remote
Use after free in speech in Google Chrome prior to 83.0.4103.106 allowed a remote attacker to potentially perform a sandbox escape via a crafted HTML page.,Remote
Insufficient policy enforcement in WebView in Google Chrome on Android prior to 83.0.4103.106 allowed a remote attacker to bypass site isolation via a crafted HTML page.,Remote
Out of bounds write in V8 in Google Chrome prior to 83.0.4103.106 allowed a remote attacker to potentially exploit heap corruption via a crafted HTML page.,Remote
Use after free in extensions in Google Chrome prior to 83.0.4103.116 allowed an attacker who convinced a user to install a malicious extension to potentially perform a sandbox escape via a crafted Chrome Extension.,Remote
Heap buffer overflow in background fetch in Google Chrome prior to 84.0.4147.89 allowed a remote attacker to potentially exploit heap corruption via a crafted HTML page.,Remote
Information leak in content security policy in Google Chrome prior to 84.0.4147.89 allowed a remote attacker to leak cross-origin data via a crafted HTML page.,Remote
Type Confusion in V8 in Google Chrome prior to 84.0.4147.89 allowed a remote attacker to potentially exploit heap corruption via a crafted HTML page.,Remote
Heap buffer overflow in PDFium in Google Chrome prior to 84.0.4147.89 allowed a remote attacker to potentially exploit heap corruption via a crafted PDF file.,Remote
Inappropriate implementation in WebRTC in Google Chrome prior to 84.0.4147.89 allowed an attacker in a privileged network position to potentially exploit heap corruption via a crafted SCTP stream.,Remote
Use after free in tab strip in Google Chrome prior to 84.0.4147.89 allowed a remote attacker to potentially exploit heap corruption via a crafted HTML page.,Remote
Policy bypass in CORS in Google Chrome prior to 84.0.4147.89 allowed a remote attacker to leak cross-origin data via a crafted HTML page.,Remote
Heap buffer overflow in history in Google Chrome prior to 84.0.4147.89 allowed a remote attacker to potentially exploit heap corruption via a crafted HTML page.,Remote
Use after free in developer tools in Google Chrome prior to 84.0.4147.89 allowed a remote attacker who had convinced the user to use developer tools to potentially exploit heap corruption via a crafted HTML page.,Remote
Policy bypass in CSP in Google Chrome prior to 84.0.4147.89 allowed a remote attacker to bypass content security policy via a crafted HTML page.,Remote
Buffer overflow in Skia in Google Chrome prior to 84.0.4147.89 allowed a remote attacker to potentially exploit heap corruption via a crafted HTML page.,Remote
Side-channel information leakage in autofill in Google Chrome prior to 84.0.4147.89 allowed a remote attacker to obtain potentially sensitive information from process memory via a crafted HTML page.,Remote
Inappropriate implementation in external protocol handlers in Google Chrome prior to 84.0.4147.89 allowed a remote attacker to potentially perform a sandbox escape via a crafted HTML page.,Remote
Out of bounds write in Skia in Google Chrome prior to 84.0.4147.89 allowed a remote attacker to potentially exploit heap corruption via a crafted HTML page.,Remote
Heap buffer overflow in WebAudio in Google Chrome prior to 84.0.4147.89 allowed a remote attacker to potentially exploit heap corruption via a crafted HTML page.,Remote
Heap buffer overflow in Skia in Google Chrome prior to 84.0.4147.89 allowed a remote attacker to potentially exploit heap corruption via a crafted HTML page.,Remote
Inappropriate implementation in iframe sandbox in Google Chrome prior to 84.0.4147.89 allowed a remote attacker to bypass navigation restrictions via a crafted HTML page.,Remote
Insufficient policy enforcement in CSP in Google Chrome prior to 84.0.4147.89 allowed a remote attacker to bypass content security policy via a crafted HTML page.,Remote
Incorrect security UI in basic auth in Google Chrome on iOS prior to 84.0.4147.89 allowed a remote attacker to spoof the contents of the Omnibox (URL bar) via a crafted HTML page.,Remote
Inappropriate implementation in WebRTC in Google Chrome prior to 84.0.4147.89 allowed an attacker in a privileged network position to leak cross-origin data via a crafted HTML page.,Remote
Out of bounds memory access in developer tools in Google Chrome prior to 84.0.4147.89 allowed an attacker who convinced a user to install a malicious extension to potentially exploit heap corruption via a crafted Chrome Extension.,Remote
Side-channel information leakage in scroll to text in Google Chrome prior to 84.0.4147.89 allowed a remote attacker to leak cross-origin data via a crafted HTML page.,Remote
Type Confusion in V8 in Google Chrome prior to 84.0.4147.89 allowed a remote attacker to potentially exploit heap corruption via a crafted HTML page.,Remote
Heap buffer overflow in WebRTC in Google Chrome prior to 84.0.4147.89 allowed a remote attacker to potentially exploit heap corruption via a crafted HTML page.,Remote
Insufficient data validation in WebUI in Google Chrome prior to 84.0.4147.89 allowed a remote attacker who had compromised the renderer process to inject scripts or HTML into a privileged page via a crafted HTML page.,Remote
Incorrect security UI in PWAs in Google Chrome prior to 84.0.4147.89 allowed a remote attacker who had persuaded the user to install a PWA to spoof the contents of the Omnibox (URL bar) via a crafted PWA.,Remote
Improper permission or value checking in the CLI console may allow a non-privileged user to obtain Fortinet FortiOS plaint text private keys of systems builtin local certificates via unsetting the keys encryption password in FortiOS 6.2.0  6.0.0 to 6.0.6  5.6.10 and below or for user uploaded local certificates via setting an empty password in FortiOS 6.2.1  6.2.0  6.0.6 and below.,Local
Certain NETGEAR devices are affected by authentication bypass. This affects D6200 before 1.1.00.34  D7000 before 1.0.1.68  PR2000 before 1.0.0.28  R6050 before 1.0.1.18  JR6150 before 1.0.1.18  R6120 before 1.0.0.46  R6220 before 1.1.0.80  R6230 before 1.1.0.80  R6260 before 1.1.0.64  R6700v2 before 1.2.0.36  R6800 before 1.2.0.36  and R6900v2 before 1.2.0.36.,Limited Rmt
In FreeBSD 12.1-STABLE before r361918 12.1-RELEASE before p6 11.4-STABLE before r361919 11.3-RELEASE before p10 and 11.4-RC2 before p1 an invalid memory location may be used for HID items if the push/pop level is not restored within the processing of that HID item allowing an attacker with physical access to a USB port to be able to use a specially crafted USB device to gain kernel or user-space code execution.,Physical
An issue was discovered in savestruct_internal.c in FreedroidRPG 1.0rc2. Saved game files are composed of Lua scripts that recover a games state. A file can be modified to put any Lua code inside  leading to arbitrary code execution while loading.,Local
Kata Containers doesnt restrict containers from accessing the guests root filesystem device. Malicious containers can exploit this to gain code execution on the guest and masquerade as the kata-agent. This issue affects Kata Containers 1.11 versions earlier than 1.11.1; Kata Containers 1.10 versions earlier than 1.10.5; and Kata Containers 1.9 and earlier versions.,Local
A malicious guest compromised before a container creation (e.g. a malicious guest image or a guest running multiple containers) can trick the kata runtime into mounting the untrusted container filesystem on any host path  potentially allowing for code execution on the host. This issue affects: Kata Containers 1.11 versions earlier than 1.11.1; Kata Containers 1.10 versions earlier than 1.10.5; Kata Containers 1.9 and earlier versions.,Local
A potential vulnerability in the BIOS configuration of some ThinkSystem models due to missing DMA protections that may allow a user with physical access read or write access to system memory.,Physical
IBM Security Guardium 11.1 contains hard-coded credentials  such as a password or cryptographic key  which it uses for its own inbound authentication  outbound communication to external components  or encryption of internal data. IBM X-Force ID: 174732.,Local
Active IQ Unified Manager for Linux versions prior to 9.6 ship with the Java Management Extension Remote Method Invocation (JMX RMI) service enabled allowing unauthorized code execution to local users.,Remote
Royal TS before 5 has a 0.0.0.0 listener  which makes it easier for attackers to bypass tunnel authentication via a brute-force approach.,Limited Rmt
Insufficient control flow management in firmware build and signing tool for Intel(R) Innovation Engine before version 1.0.859 may allow an unauthenticated user to potentially enable escalation of privilege via physical access.,Physical
Certain NETGEAR devices are affected by authentication bypass. This affects GS810EMX before 1.0.0.5  XS512EM before 1.0.0.6  and XS724EM before 1.0.0.6.,Limited Rmt
The wireless-communication feature of the ABUS Secvest FUBE50001 device does not encrypt sensitive data such as PIN codes or IDs of used proximity chip keys (RFID tokens). This makes it easier for an attacker to disarm the wireless alarm system.,Limited Rmt
An issue was discovered in Zoho ManageEngine AssetExplorer 6.5. During an upgrade of the Windows agent  it does not validate the source and binary downloaded. This allows an attacker on an adjacent network to execute code with NT AUTHORITY/SYSTEM privileges on the agent machines by providing an arbitrary executable via a man-in-the-middle attack.,Limited Rmt
NVIDIA Windows GPU Display Driver  all versions  contains a vulnerability in the service host component  in which the application resources integrity check may be missed. Such an attack may lead to code execution  denial of service or information disclosure.,Local
DLL Search Order Hijacking Vulnerability in the installer component of McAfee Host Intrusion Prevention System (Host IPS) for Windows prior to 8.0.0 Patch 15 Update allows attackers with local access to execute arbitrary code via execution from a compromised folder.,Local
A CWE-89: Improper Neutralization of Special Elements used in an SQL Command (SQL Injection) vulnerability exists in EcoStruxure Operator Terminal Expert 3.1 Service Pack 1 and prior (formerly known as Vijeo XD) which could cause malicious code execution when opening the project file.,Local
A CWE-22: Improper Limitation of a Pathname to a Restricted Directory (Path Traversal) vulnerability exists in EcoStruxure Operator Terminal Expert 3.1 Service Pack 1 and prior (formerly known as Vijeo XD) which could cause malicious code execution when opening the project file.,Local
Adobe Bridge versions 10.0.1 and earlier version have an out-of-bounds write vulnerability. Successful exploitation could lead to arbitrary code execution .,Local
Adobe Bridge versions 10.0.1 and earlier version have a stack-based buffer overflow vulnerability. Successful exploitation could lead to arbitrary code execution.,Local
Adobe Bridge versions 10.0.1 and earlier version have an out-of-bounds write vulnerability. Successful exploitation could lead to arbitrary code execution .,Local
Adobe Bridge versions 10.0.1 and earlier version have a heap overflow vulnerability. Successful exploitation could lead to arbitrary code execution.,Local
Adobe Bridge versions 10.0.1 and earlier version have a heap overflow vulnerability. Successful exploitation could lead to arbitrary code execution.,Local
Adobe Bridge versions 10.0.1 and earlier version have an out-of-bounds write vulnerability. Successful exploitation could lead to arbitrary code execution .,Local
Adobe Bridge versions 10.0.1 and earlier version have an out-of-bounds write vulnerability. Successful exploitation could lead to arbitrary code execution .,Local
Adobe Bridge versions 10.0.1 and earlier version have an use after free vulnerability. Successful exploitation could lead to arbitrary code execution .,Local
Adobe Bridge versions 10.0.1 and earlier version have an use after free vulnerability. Successful exploitation could lead to arbitrary code execution .,Local
Adobe Bridge versions 10.0.1 and earlier version have a memory corruption vulnerability. Successful exploitation could lead to arbitrary code execution .,Local
Adobe Bridge versions 10.0.1 and earlier version have an out-of-bounds write vulnerability. Successful exploitation could lead to arbitrary code execution .,Local
Adobe Illustrator versions 24.0.2 and earlier have a memory corruption vulnerability. Successful exploitation could lead to arbitrary code execution .,Local
Adobe Acrobat and Reader versions 2020.006.20042 and earlier  2017.011.30166 and earlier  2017.011.30166 and earlier  and 2015.006.30518 and earlier have an out-of-bounds write vulnerability. Successful exploitation could lead to arbitrary code execution .,Local
Adobe Acrobat and Reader versions 2020.006.20042 and earlier  2017.011.30166 and earlier  2017.011.30166 and earlier  and 2015.006.30518 and earlier have an out-of-bounds write vulnerability. Successful exploitation could lead to arbitrary code execution .,Local
Adobe Flash Player Desktop Runtime 32.0.0.371 and earlier Adobe Flash Player for Google Chrome 32.0.0.371 and earlier and Adobe Flash Player for Microsoft Edge and Internet Explorer 32.0.0.330 and earlier have an use after free vulnerability. Successful exploitation could lead to arbitrary code execution.,Remote
Adobe Acrobat and Reader versions 2020.006.20042 and earlier  2017.011.30166 and earlier  2017.011.30166 and earlier  and 2015.006.30518 and earlier have a buffer error vulnerability. Successful exploitation could lead to arbitrary code execution .,Local
Adobe Acrobat and Reader versions 2020.006.20042 and earlier  2017.011.30166 and earlier  2017.011.30166 and earlier  and 2015.006.30518 and earlier have a buffer error vulnerability. Successful exploitation could lead to arbitrary code execution .,Local
Adobe Acrobat and Reader versions 2020.006.20042 and earlier  2017.011.30166 and earlier  2017.011.30166 and earlier  and 2015.006.30518 and earlier have an use-after-free vulnerability. Successful exploitation could lead to arbitrary code execution .,Local
Adobe Acrobat and Reader versions 2020.006.20042 and earlier  2017.011.30166 and earlier  2017.011.30166 and earlier  and 2015.006.30518 and earlier have an use-after-free vulnerability. Successful exploitation could lead to arbitrary code execution .,Local
Adobe Acrobat and Reader versions 2020.006.20042 and earlier  2017.011.30166 and earlier  2017.011.30166 and earlier  and 2015.006.30518 and earlier have a heap overflow vulnerability. Successful exploitation could lead to arbitrary code execution .,Local
Adobe After Effects versions 17.1 and earlier have a heap overflow vulnerability. Successful exploitation could lead to arbitrary code execution .,Local
Adobe After Effects versions 17.1 and earlier have a heap overflow vulnerability. Successful exploitation could lead to arbitrary code execution .,Local
Adobe Illustrator versions 24.1.2 and earlier have a memory corruption vulnerability. Successful exploitation could lead to arbitrary code execution .,Local
Adobe Illustrator versions 24.1.2 and earlier have a memory corruption vulnerability. Successful exploitation could lead to arbitrary code execution .,Local
Adobe Illustrator versions 24.1.2 and earlier have a memory corruption vulnerability. Successful exploitation could lead to arbitrary code execution .,Local
Adobe Illustrator versions 24.1.2 and earlier have a buffer errors vulnerability. Successful exploitation could lead to arbitrary code execution .,Local
Adobe Premiere Pro versions 14.2 and earlier have an out-of-bounds read vulnerability. Successful exploitation could lead to arbitrary code execution .,Local
An authorization issue was addressed with improved state management. This issue is fixed in iOS 13.5 and iPadOS 13.5. A person with physical access to an iOS device may be able to view notification contents from the lockscreen.,Physical
A logic issue was addressed with improved restrictions. This issue is fixed in iOS 13.5 and iPadOS 13.5 tvOS 13.4.5 watchOS 6.2.5 Safari 13.1.1 iTunes 12.10.7 for Windows iCloud for Windows 11.2 iCloud for Windows 7.19. A remote attacker may be able to cause arbitrary code execution.,Remote
